daily_key,automation,publish_date,title,description,image_url,guid
shopee|2026-09-30|001,shopee,2026-09-30T11:31:46.263794-03:00,Quarto decorado: Abajur Recarregavel Touch para comparar opções com calma,"Uma ideia de quarto decorado com Abajur Recarregavel Touch para comparar opções com calma. Observe o tamanho, o acabamento e como o produto se encaixa no seu espaço antes de escolher. Esta publicação pode conter link de afiliado; confira os detalhes na página da oferta.","https://res.cloudinary.com/xrakiohl/image/upload/c_pad,w_1000,h_1500,b_auto,q_auto:eco/v1783143833/pinterest/shopee-achados/PhotoGrid_Site_1759542210684-ccbf4af176eb.jpg",https://luscaarmstrong1.github.io/conteudo-afiliados-pages/achadinhos-conteudo/go/2026/09/30/shopee-20260930-001.html
shopee|2026-09-30|002,shopee,2026-09-30T11:31:47.263794-03:00,Armário iluminado: Luminaria LED Bastao Magnetica para renovar um cantinho,"Uma ideia de armário iluminado com Luminaria LED Bastao Magnetica para renovar um cantinho. Observe o tamanho, o acabamento e como o produto se encaixa no seu espaço antes de escolher. Esta publicação pode conter link de afiliado; confira os detalhes na página da oferta.","https://res.cloudinary.com/xrakiohl/image/upload/c_pad,w_1000,h_1500,b_auto,q_auto:eco/v1783143795/pinterest/shopee-achados/PhotoGrid_Site_1759538058219-3490b3a4bbb8.jpg",https://luscaarmstrong1.github.io/conteudo-afiliados-pages/achadinhos-conteudo/go/2026/09/30/shopee-20260930-002.html
shopee|2026-09-30|003,shopee,2026-09-30T11:31:48.263794-03:00,Quarto decorado: Projetor Astronauta Galaxia para ganhar tempo no dia a dia,"Uma ideia de quarto decorado com Projetor Astronauta Galaxia para ganhar tempo no dia a dia. Observe o tamanho, o acabamento e como o produto se encaixa no seu espaço antes de escolher. Esta publicação pode conter link de afiliado; confira os detalhes na página da oferta.","https://res.cloudinary.com/xrakiohl/image/upload/c_pad,w_1000,h_1500,b_auto,q_auto:eco/v1783143832/pinterest/shopee-achados/PhotoGrid_Site_1759541949313-519f21aa4f98.jpg",https://luscaarmstrong1.github.io/conteudo-afiliados-pages/achadinhos-conteudo/go/2026/09/30/shopee-20260930-003.html
shopee|2026-09-30|004,shopee,2026-09-30T11:31:49.263794-03:00,Mesa organizada: Ampliador de Tela para Celular para montar um espaço funcional,"Uma ideia de mesa organizada com Ampliador de Tela para Celular para montar um espaço funcional. Observe o tamanho, o acabamento e como o produto se encaixa no seu espaço antes de escolher. Esta publicação pode conter link de afiliado; confira os detalhes na página da oferta.","https://res.cloudinary.com/xrakiohl/image/upload/c_pad,w_1000,h_1500,b_auto,q_auto:eco/v1783143821/pinterest/shopee-achados/PhotoGrid_Site_1759540436626-bd50d881d869.jpg",https://luscaarmstrong1.github.io/conteudo-afiliados-pages/achadinhos-conteudo/go/2026/09/30/shopee-20260930-004.html
shopee|2026-09-30|005,shopee,2026-09-30T11:31:50.263794-03:00,Carro organizado: Suporte Veicular para Celular para resolver um problema comum,"Uma ideia de carro organizado com Suporte Veicular para Celular para resolver um problema comum. Observe o tamanho, o acabamento e como o produto se encaixa no seu espaço antes de escolher. Esta publicação pode conter link de afiliado; confira os detalhes na página da oferta.","https://res.cloudinary.com/xrakiohl/image/upload/c_pad,w_1000,h_1500,b_auto,q_auto:eco/v1783143806/pinterest/shopee-achados/PhotoGrid_Site_1759538978298-1915816d2aa8.jpg",https://luscaarmstrong1.github.io/conteudo-afiliados-pages/achadinhos-conteudo/go/2026/09/30/shopee-20260930-005.html
shopee|2026-09-30|006,shopee,2026-09-30T11:31:51.263794-03:00,Mesa organizada: Suporte de Carregamento de Parede para melhorar a organização,"Uma ideia de mesa organizada com Suporte de Carregamento de Parede para melhorar a organização. Observe o tamanho, o acabamento e como o produto se encaixa no seu espaço antes de escolher. Esta publicação pode conter link de afiliado; confira os detalhes na página da oferta.","https://res.cloudinary.com/xrakiohl/image/upload/c_pad,w_1000,h_1500,b_auto,q_auto:eco/v1783143822/pinterest/shopee-achados/PhotoGrid_Site_1759540543137-64c858839ec6.jpg",https://luscaarmstrong1.github.io/conteudo-afiliados-pages/achadinhos-conteudo/go/2026/09/30/shopee-20260930-006.html
shopee|2026-09-30|007,shopee,2026-09-30T11:31:52.263794-03:00,Maquiagem organizada: Kit Necessaire Transparente para facilitar o uso diário,"Uma ideia de maquiagem organizada com Kit Necessaire Transparente para facilitar o uso diário. Observe o tamanho, o acabamento e como o produto se encaixa no seu espaço antes de escolher. Esta publicação pode conter link de afiliado; confira os detalhes na página da oferta.","https://res.cloudinary.com/xrakiohl/image/upload/c_pad,w_1000,h_1500,b_auto,q_auto:eco/v1783143819/pinterest/shopee-achados/PhotoGrid_Site_1759540322240-9ed8f002da33.jpg",https://luscaarmstrong1.github.io/conteudo-afiliados-pages/achadinhos-conteudo/go/2026/09/30/shopee-20260930-007.html
shopee|2026-09-30|008,shopee,2026-09-30T11:31:53.263794-03:00,Cozinha organizada: Dispenser de Detergente e Bucha para organizar melhor a rotina,"Uma ideia de cozinha organizada com Dispenser de Detergente e Bucha para organizar melhor a rotina. Observe o tamanho, o acabamento e como o produto se encaixa no seu espaço antes de escolher. Esta publicação pode conter link de afiliado; confira os detalhes na página da oferta.","https://res.cloudinary.com/xrakiohl/image/upload/c_pad,w_1000,h_1500,b_auto,q_auto:eco/v1783143809/pinterest/shopee-achados/PhotoGrid_Site_1759539432984-9a856c7f184d.jpg",https://luscaarmstrong1.github.io/conteudo-afiliados-pages/achadinhos-conteudo/go/2026/09/30/shopee-20260930-008.html
shopee|2026-09-30|009,shopee,2026-09-30T11:31:54.263794-03:00,Cozinha organizada: Dispenser Luxo para Detergente para aproveitar melhor o espaço,"Uma ideia de cozinha organizada com Dispenser Luxo para Detergente para aproveitar melhor o espaço. Observe o tamanho, o acabamento e como o produto se encaixa no seu espaço antes de escolher. Esta publicação pode conter link de afiliado; confira os detalhes na página da oferta.","https://res.cloudinary.com/xrakiohl/image/upload/c_pad,w_1000,h_1500,b_auto,q_auto:eco/v1783143811/pinterest/shopee-achados/PhotoGrid_Site_1759539506736-4e8db2731d80.jpg",https://luscaarmstrong1.github.io/conteudo-afiliados-pages/achadinhos-conteudo/go/2026/09/30/shopee-20260930-009.html
shopee|2026-09-30|010,shopee,2026-09-30T11:31:55.263794-03:00,Mesa posta elegante: Jogo de Tacas Diamond para simplificar uma tarefa,"Uma ideia de mesa posta elegante com Jogo de Tacas Diamond para simplificar uma tarefa. Observe o tamanho, o acabamento e como o produto se encaixa no seu espaço antes de escolher. Esta publicação pode conter link de afiliado; confira os detalhes na página da oferta.","https://res.cloudinary.com/xrakiohl/image/upload/c_pad,w_1000,h_1500,b_auto,q_auto:eco/v1783143823/pinterest/shopee-achados/PhotoGrid_Site_1759540742975-6ae386381e9d.jpg",https://luscaarmstrong1.github.io/conteudo-afiliados-pages/achadinhos-conteudo/go/2026/09/30/shopee-20260930-010.html
hotmart|2026-09-30|001,hotmart,2026-09-30T11:31:46.343606-03:00,1: como revisar os fundamentos com Curso Desenhe Agora - Do Zero 102%,"Use esta referência de 1 para revisar os fundamentos em uma prática de desenho. Comece pelas formas simples, compare as proporções e revise os traços aos poucos. O curso Curso Desenhe Agora - Do Zero 102% pode ajudar a organizar os estudos; o link da página é de afiliado.","https://res.cloudinary.com/xrakiohl/image/upload/c_pad,w_1000,h_1500,b_auto,q_auto:eco/v1783142508/pinterest/hotmart-manga/1_42-7b93cad82fd3.jpg",https://luscaarmstrong1.github.io/conteudo-afiliados-pages/desenho-manga-conteudo/go/2026/09/30/hotmart-20260930-001.html
hotmart|2026-09-30|002,hotmart,2026-09-30T11:31:47.343606-03:00,Photogrid: como estudar luz e sombra com Desenhando sem Dom,"Use esta referência de photogrid para estudar luz e sombra em uma prática de desenho. Comece pelas formas simples, compare as proporções e revise os traços aos poucos. O curso Desenhando sem Dom pode ajudar a organizar os estudos; o link da página é de afiliado.","https://res.cloudinary.com/xrakiohl/image/upload/c_pad,w_1000,h_1500,b_auto,q_auto:eco/v1783143400/pinterest/hotmart-manga/PhotoGrid_1565106698644-86b7d51e3592.jpg",https://luscaarmstrong1.github.io/conteudo-afiliados-pages/desenho-manga-conteudo/go/2026/09/30/hotmart-20260930-002.html
hotmart|2026-09-30|003,hotmart,2026-09-30T11:31:48.343606-03:00,Ftitttgxsaysnu4: como melhorar a composição com Curso Desenhe Agora - Do Zero 102%,"Use esta referência de ftitttgxsaysnu4 para melhorar a composição em uma prática de desenho. Comece pelas formas simples, compare as proporções e revise os traços aos poucos. O curso Curso Desenhe Agora - Do Zero 102% pode ajudar a organizar os estudos; o link da página é de afiliado.","https://res.cloudinary.com/xrakiohl/image/upload/c_pad,w_1000,h_1500,b_auto,q_auto:eco/v1783143195/pinterest/hotmart-manga/FTiTttgXsAYSNU4-5c22b358ea3d.jpg",https://luscaarmstrong1.github.io/conteudo-afiliados-pages/desenho-manga-conteudo/go/2026/09/30/hotmart-20260930-003.html
hotmart|2026-09-30|004,hotmart,2026-09-30T11:31:49.343606-03:00,C66ec95d6d3ffc10dc2840f6e0da702d: como praticar com referência com Desenhando sem Dom,"Use esta referência de c66ec95d6d3ffc10dc2840f6e0da702d para praticar com referência em uma prática de desenho. Comece pelas formas simples, compare as proporções e revise os traços aos poucos. O curso Desenhando sem Dom pode ajudar a organizar os estudos; o link da página é de afiliado.","https://res.cloudinary.com/xrakiohl/image/upload/c_pad,w_1000,h_1500,b_auto,q_auto:eco/v1783142944/pinterest/hotmart-manga/c66ec95d6d3ffc10dc2840f6e0da702d-01f60b53db21.jpg",https://luscaarmstrong1.github.io/conteudo-afiliados-pages/desenho-manga-conteudo/go/2026/09/30/hotmart-20260930-004.html
hotmart|2026-09-30|005,hotmart,2026-09-30T11:31:50.343606-03:00,Finished-the-manga-today-heres-a-few-of-my-favourite-panels-v0-t3c88ioarlz91: como registrar a,"Use esta referência de finished-the-manga-today-heres-a-few-of-my-favourite-panels-v0-t3c88ioarlz91 para registrar a evolução em uma prática de desenho. Comece pelas formas simples, compare as proporções e revise os traços aos poucos. O curso Curso Desenhe Agora - Do Zero 102% pode ajudar a organizar os estudos; o link da página é de afiliado.","https://res.cloudinary.com/xrakiohl/image/upload/c_pad,w_1000,h_1500,b_auto,q_auto:eco/v1783143184/pinterest/hotmart-manga/finished-the-manga-today-heres-a-few-of-my-favourite-panels-v0-t3c88ioarlz91-ec9df199cb8b.jpg",https://luscaarmstrong1.github.io/conteudo-afiliados-pages/desenho-manga-conteudo/go/2026/09/30/hotmart-20260930-005.html
hotmart|2026-09-30|006,hotmart,2026-09-30T11:31:51.343606-03:00,Pendente: como testar outra técnica com Desenhando sem Dom,"Use esta referência de pendente para testar outra técnica em uma prática de desenho. Comece pelas formas simples, compare as proporções e revise os traços aos poucos. O curso Desenhando sem Dom pode ajudar a organizar os estudos; o link da página é de afiliado.","https://res.cloudinary.com/xrakiohl/image/upload/c_pad,w_1000,h_1500,b_auto,q_auto:eco/v1783142581/pinterest/hotmart-manga/24-9a7c7606fe60.jpg",https://luscaarmstrong1.github.io/conteudo-afiliados-pages/desenho-manga-conteudo/go/2026/09/30/hotmart-20260930-006.html
hotmart|2026-09-30|007,hotmart,2026-09-30T11:31:52.343606-03:00,Photogrid plus: como desenhar com mais intenção com Curso Desenhe Agora - Do Zero 102%,"Use esta referência de photogrid plus para desenhar com mais intenção em uma prática de desenho. Comece pelas formas simples, compare as proporções e revise os traços aos poucos. O curso Curso Desenhe Agora - Do Zero 102% pode ajudar a organizar os estudos; o link da página é de afiliado.","https://res.cloudinary.com/xrakiohl/image/upload/c_pad,w_1000,h_1500,b_auto,q_auto:eco/v1783143432/pinterest/hotmart-manga/PhotoGrid_Plus_1605879889388-e397e8982b01.jpg",https://luscaarmstrong1.github.io/conteudo-afiliados-pages/desenho-manga-conteudo/go/2026/09/30/hotmart-20260930-007.html
hotmart|2026-09-30|008,hotmart,2026-09-30T11:31:53.343606-03:00,23: como treinar o olhar com Desenhando sem Dom,"Use esta referência de 23 para treinar o olhar em uma prática de desenho. Comece pelas formas simples, compare as proporções e revise os traços aos poucos. O curso Desenhando sem Dom pode ajudar a organizar os estudos; o link da página é de afiliado.","https://res.cloudinary.com/xrakiohl/image/upload/c_pad,w_1000,h_1500,b_auto,q_auto:eco/v1783142579/pinterest/hotmart-manga/23_39-93125869f343.jpg",https://luscaarmstrong1.github.io/conteudo-afiliados-pages/desenho-manga-conteudo/go/2026/09/30/hotmart-20260930-008.html
hotmart|2026-09-30|009,hotmart,2026-09-30T11:31:54.343606-03:00,Mania-done-20190118170456 zyyqboud: como praticar formas básicas com Curso Desenhe Agora - Do Z,"Use esta referência de mania-done-20190118170456 zyyqboud para praticar formas básicas em uma prática de desenho. Comece pelas formas simples, compare as proporções e revise os traços aos poucos. O curso Curso Desenhe Agora - Do Zero 102% pode ajudar a organizar os estudos; o link da página é de afiliado.","https://res.cloudinary.com/xrakiohl/image/upload/c_pad,w_1000,h_1500,b_auto,q_auto:eco/v1783143325/pinterest/hotmart-manga/mania-done-20190118170456_zyyqboud-373f8d84a7fb.jpg",https://luscaarmstrong1.github.io/conteudo-afiliados-pages/desenho-manga-conteudo/go/2026/09/30/hotmart-20260930-009.html
hotmart|2026-09-30|010,hotmart,2026-09-30T11:31:55.343606-03:00,024: como observar proporções com Desenhando sem Dom,"Use esta referência de 024 para observar proporções em uma prática de desenho. Comece pelas formas simples, compare as proporções e revise os traços aos poucos. O curso Desenhando sem Dom pode ajudar a organizar os estudos; o link da página é de afiliado.","https://res.cloudinary.com/xrakiohl/image/upload/c_pad,w_1000,h_1500,b_auto,q_auto:eco/v1783142196/pinterest/hotmart-manga/024_03-8241e51360cb.jpg",https://luscaarmstrong1.github.io/conteudo-afiliados-pages/desenho-manga-conteudo/go/2026/09/30/hotmart-20260930-010.html
shopee|2026-10-01|001,shopee,2026-10-01T00:04:03.485565-03:00,Armário iluminado: Luminaria LED Bastao Magnetica para aproveitar melhor o espaço,"Uma ideia de armário iluminado com Luminaria LED Bastao Magnetica para aproveitar melhor o espaço. Observe o tamanho, o acabamento e como o produto se encaixa no seu espaço antes de escolher. Esta publicação pode conter link de afiliado; confira os detalhes na página da oferta.","https://res.cloudinary.com/xrakiohl/image/upload/c_pad,w_1000,h_1500,b_auto,q_auto:eco/v1783143796/pinterest/shopee-achados/PhotoGrid_Site_1759538110280-8fd624040bcf.jpg",https://luscaarmstrong1.github.io/conteudo-afiliados-pages/achadinhos-conteudo/go/2026/10/01/shopee-20261001-001.html
shopee|2026-10-01|002,shopee,2026-10-01T00:04:04.485565-03:00,Quarto aconchegante: Projetor Astronauta Galaxia para simplificar uma tarefa,"Uma ideia de quarto aconchegante com Projetor Astronauta Galaxia para simplificar uma tarefa. Observe o tamanho, o acabamento e como o produto se encaixa no seu espaço antes de escolher. Esta publicação pode conter link de afiliado; confira os detalhes na página da oferta.","https://res.cloudinary.com/xrakiohl/image/upload/c_pad,w_1000,h_1500,b_auto,q_auto:eco/v1783143829/pinterest/shopee-achados/PhotoGrid_Site_1759541146146-bfe6e227f2ae.jpg",https://luscaarmstrong1.github.io/conteudo-afiliados-pages/achadinhos-conteudo/go/2026/10/01/shopee-20261001-002.html
shopee|2026-10-01|003,shopee,2026-10-01T00:04:05.485565-03:00,Cantinho de entretenimento: Ampliador de Tela para Celular para cuidar dos detalhes,"Uma ideia de cantinho de entretenimento com Ampliador de Tela para Celular para cuidar dos detalhes. Observe o tamanho, o acabamento e como o produto se encaixa no seu espaço antes de escolher. Esta publicação pode conter link de afiliado; confira os detalhes na página da oferta.","https://res.cloudinary.com/xrakiohl/image/upload/c_pad,w_1000,h_1500,b_auto,q_auto:eco/v1783143800/pinterest/shopee-achados/PhotoGrid_Site_1759538400615-eb134d59b8d9.jpg",https://luscaarmstrong1.github.io/conteudo-afiliados-pages/achadinhos-conteudo/go/2026/10/01/shopee-20261001-003.html
shopee|2026-10-01|004,shopee,2026-10-01T00:04:06.485565-03:00,Carro organizado: Suporte Veicular para Celular para deixar o dia mais prático,"Uma ideia de carro organizado com Suporte Veicular para Celular para deixar o dia mais prático. Observe o tamanho, o acabamento e como o produto se encaixa no seu espaço antes de escolher. Esta publicação pode conter link de afiliado; confira os detalhes na página da oferta.","https://res.cloudinary.com/xrakiohl/image/upload/c_pad,w_1000,h_1500,b_auto,q_auto:eco/v1783143805/pinterest/shopee-achados/PhotoGrid_Site_1759538937118-f545d408dd0a.jpg",https://luscaarmstrong1.github.io/conteudo-afiliados-pages/achadinhos-conteudo/go/2026/10/01/shopee-20261001-004.html
shopee|2026-10-01|005,shopee,2026-10-01T00:04:07.485565-03:00,Cantinho de entretenimento: Suporte de Carregamento de Parede para comparar opções com calma,"Uma ideia de cantinho de entretenimento com Suporte de Carregamento de Parede para comparar opções com calma. Observe o tamanho, o acabamento e como o produto se encaixa no seu espaço antes de escolher. Esta publicação pode conter link de afiliado; confira os detalhes na página da oferta.","https://res.cloudinary.com/xrakiohl/image/upload/c_pad,w_1000,h_1500,b_auto,q_auto:eco/v1783143802/pinterest/shopee-achados/PhotoGrid_Site_1759538520533-f0b3bc3e9714.jpg",https://luscaarmstrong1.github.io/conteudo-afiliados-pages/achadinhos-conteudo/go/2026/10/01/shopee-20261001-005.html
shopee|2026-10-01|006,shopee,2026-10-01T00:04:08.485565-03:00,Maquiagem organizada: Kit Necessaire Transparente para renovar um cantinho,"Uma ideia de maquiagem organizada com Kit Necessaire Transparente para renovar um cantinho. Observe o tamanho, o acabamento e como o produto se encaixa no seu espaço antes de escolher. Esta publicação pode conter link de afiliado; confira os detalhes na página da oferta.","https://res.cloudinary.com/xrakiohl/image/upload/c_pad,w_1000,h_1500,b_auto,q_auto:eco/v1783143818/pinterest/shopee-achados/PhotoGrid_Site_1759540277742-5662569271c2.jpg",https://luscaarmstrong1.github.io/conteudo-afiliados-pages/achadinhos-conteudo/go/2026/10/01/shopee-20261001-006.html
shopee|2026-10-01|007,shopee,2026-10-01T00:04:09.485565-03:00,Cozinha organizada: Dispenser de Detergente e Bucha para ganhar tempo no dia a dia,"Uma ideia de cozinha organizada com Dispenser de Detergente e Bucha para ganhar tempo no dia a dia. Observe o tamanho, o acabamento e como o produto se encaixa no seu espaço antes de escolher. Esta publicação pode conter link de afiliado; confira os detalhes na página da oferta.","https://res.cloudinary.com/xrakiohl/image/upload/c_pad,w_1000,h_1500,b_auto,q_auto:eco/v1783143812/pinterest/shopee-achados/PhotoGrid_Site_1759539568780-8f6fd1b8be4d.jpg",https://luscaarmstrong1.github.io/conteudo-afiliados-pages/achadinhos-conteudo/go/2026/10/01/shopee-20261001-007.html
shopee|2026-10-01|008,shopee,2026-10-01T00:04:10.485565-03:00,Pia organizada: Dispenser Luxo para Detergente para montar um espaço funcional,"Uma ideia de pia organizada com Dispenser Luxo para Detergente para montar um espaço funcional. Observe o tamanho, o acabamento e como o produto se encaixa no seu espaço antes de escolher. Esta publicação pode conter link de afiliado; confira os detalhes na página da oferta.","https://res.cloudinary.com/xrakiohl/image/upload/c_pad,w_1000,h_1500,b_auto,q_auto:eco/v1783143826/pinterest/shopee-achados/PhotoGrid_Site_1759540967737-1697a285b46d.jpg",https://luscaarmstrong1.github.io/conteudo-afiliados-pages/achadinhos-conteudo/go/2026/10/01/shopee-20261001-008.html
shopee|2026-10-01|009,shopee,2026-10-01T00:04:11.485565-03:00,Mesa posta elegante: Jogo de Tacas Diamond para resolver um problema comum,"Uma ideia de mesa posta elegante com Jogo de Tacas Diamond para resolver um problema comum. Observe o tamanho, o acabamento e como o produto se encaixa no seu espaço antes de escolher. Esta publicação pode conter link de afiliado; confira os detalhes na página da oferta.","https://res.cloudinary.com/xrakiohl/image/upload/c_pad,w_1000,h_1500,b_auto,q_auto:eco/v1783143825/pinterest/shopee-achados/PhotoGrid_Site_1759540842777-70d1c9e7e5fc.jpg",https://luscaarmstrong1.github.io/conteudo-afiliados-pages/achadinhos-conteudo/go/2026/10/01/shopee-20261001-009.html
shopee|2026-10-01|010,shopee,2026-10-01T00:04:12.485565-03:00,Geladeira organizada: Kit Marmitas com Travas para melhorar a organização,"Uma ideia de geladeira organizada com Kit Marmitas com Travas para melhorar a organização. Observe o tamanho, o acabamento e como o produto se encaixa no seu espaço antes de escolher. Esta publicação pode conter link de afiliado; confira os detalhes na página da oferta.","https://res.cloudinary.com/xrakiohl/image/upload/c_pad,w_1000,h_1500,b_auto,q_auto:eco/v1783143815/pinterest/shopee-achados/PhotoGrid_Site_1759539911536-9846f0cfb254.jpg",https://luscaarmstrong1.github.io/conteudo-afiliados-pages/achadinhos-conteudo/go/2026/10/01/shopee-20261001-010.html
hotmart|2026-10-01|001,hotmart,2026-10-01T00:04:03.485565-03:00,Photogrid 1549458946618~01: como praticar formas básicas com Desenhando sem Dom,"Use esta referência de photogrid 1549458946618~01 para praticar formas básicas em uma prática de desenho. Comece pelas formas simples, compare as proporções e revise os traços aos poucos. O curso Desenhando sem Dom pode ajudar a organizar os estudos; o link da página é de afiliado.","https://res.cloudinary.com/xrakiohl/image/upload/c_pad,w_1000,h_1500,b_auto,q_auto:eco/v1783143369/pinterest/hotmart-manga/PhotoGrid_1549458946618%7E01-40bb8bf3e866.jpg",https://luscaarmstrong1.github.io/conteudo-afiliados-pages/desenho-manga-conteudo/go/2026/10/01/hotmart-20261001-001.html
hotmart|2026-10-01|002,hotmart,2026-10-01T00:04:04.485565-03:00,The-beauty-of-kokou-no-hito-v0-l1sa7tsjzrjf1: como observar proporções com Curso Desenhe Agora,"Use esta referência de the-beauty-of-kokou-no-hito-v0-l1sa7tsjzrjf1 para observar proporções em uma prática de desenho. Comece pelas formas simples, compare as proporções e revise os traços aos poucos. O curso Curso Desenhe Agora - Do Zero 102% pode ajudar a organizar os estudos; o link da página é de afiliado.","https://res.cloudinary.com/xrakiohl/image/upload/c_pad,w_1000,h_1500,b_auto,q_auto:eco/v1783143523/pinterest/hotmart-manga/the-beauty-of-kokou-no-hito-v0-l1sa7tsjzrjf1-139cb993f29a.jpg",https://luscaarmstrong1.github.io/conteudo-afiliados-pages/desenho-manga-conteudo/go/2026/10/01/hotmart-20261001-002.html
hotmart|2026-10-01|003,hotmart,2026-10-01T00:04:05.485565-03:00,Photogrid site: como experimentar novos traços com Desenhando sem Dom,"Use esta referência de photogrid site para experimentar novos traços em uma prática de desenho. Comece pelas formas simples, compare as proporções e revise os traços aos poucos. O curso Desenhando sem Dom pode ajudar a organizar os estudos; o link da página é de afiliado.","https://res.cloudinary.com/xrakiohl/image/upload/c_pad,w_1000,h_1500,b_auto,q_auto:eco/v1783143476/pinterest/hotmart-manga/PhotoGrid_Site_1759098380152-98f001bad968.jpg",https://luscaarmstrong1.github.io/conteudo-afiliados-pages/desenho-manga-conteudo/go/2026/10/01/hotmart-20261001-003.html
hotmart|2026-10-01|004,hotmart,2026-10-01T00:04:06.485565-03:00,Photogrid 1553534819027~01: como desenvolver um personagem com Curso Desenhe Agora - Do Zero 10,"Use esta referência de photogrid 1553534819027~01 para desenvolver um personagem em uma prática de desenho. Comece pelas formas simples, compare as proporções e revise os traços aos poucos. O curso Curso Desenhe Agora - Do Zero 102% pode ajudar a organizar os estudos; o link da página é de afiliado.","https://res.cloudinary.com/xrakiohl/image/upload/c_pad,w_1000,h_1500,b_auto,q_auto:eco/v1783143378/pinterest/hotmart-manga/PhotoGrid_1553534819027%7E01-01d02f37c4c6.jpg",https://luscaarmstrong1.github.io/conteudo-afiliados-pages/desenho-manga-conteudo/go/2026/10/01/hotmart-20261001-004.html
hotmart|2026-10-01|005,hotmart,2026-10-01T00:04:07.485565-03:00,Image013: como revisar os fundamentos com Desenhando sem Dom,"Use esta referência de image013 para revisar os fundamentos em uma prática de desenho. Comece pelas formas simples, compare as proporções e revise os traços aos poucos. O curso Desenhando sem Dom pode ajudar a organizar os estudos; o link da página é de afiliado.","https://res.cloudinary.com/xrakiohl/image/upload/c_pad,w_1000,h_1500,b_auto,q_auto:eco/v1783143286/pinterest/hotmart-manga/image013-075f1dd7e927.jpg",https://luscaarmstrong1.github.io/conteudo-afiliados-pages/desenho-manga-conteudo/go/2026/10/01/hotmart-20261001-005.html
hotmart|2026-10-01|006,hotmart,2026-10-01T00:04:08.485565-03:00,Ichi (4): como estudar luz e sombra com Curso Desenhe Agora - Do Zero 102%,"Use esta referência de ichi (4) para estudar luz e sombra em uma prática de desenho. Comece pelas formas simples, compare as proporções e revise os traços aos poucos. O curso Curso Desenhe Agora - Do Zero 102% pode ajudar a organizar os estudos; o link da página é de afiliado.","https://res.cloudinary.com/xrakiohl/image/upload/c_pad,w_1000,h_1500,b_auto,q_auto:eco/v1783143280/pinterest/hotmart-manga/Ichi_%284%29-d9b6686e9922.png",https://luscaarmstrong1.github.io/conteudo-afiliados-pages/desenho-manga-conteudo/go/2026/10/01/hotmart-20261001-006.html
hotmart|2026-10-01|007,hotmart,2026-10-01T00:04:09.485565-03:00,Screenshot 20180607-175036~01: como melhorar a composição com Desenhando sem Dom,"Use esta referência de screenshot 20180607-175036~01 para melhorar a composição em uma prática de desenho. Comece pelas formas simples, compare as proporções e revise os traços aos poucos. O curso Desenhando sem Dom pode ajudar a organizar os estudos; o link da página é de afiliado.","https://res.cloudinary.com/xrakiohl/image/upload/c_pad,w_1000,h_1500,b_auto,q_auto:eco/v1783143503/pinterest/hotmart-manga/Screenshot_20180607-175036%7E01-6e64af9ba753.png",https://luscaarmstrong1.github.io/conteudo-afiliados-pages/desenho-manga-conteudo/go/2026/10/01/hotmart-20261001-007.html
hotmart|2026-10-01|008,hotmart,2026-10-01T00:04:10.485565-03:00,Photogrid site 1631467358977 compress3: como praticar com referência com Curso Desenhe Agora,"Use esta referência de photogrid site 1631467358977 compress3 para praticar com referência em uma prática de desenho. Comece pelas formas simples, compare as proporções e revise os traços aos poucos. O curso Curso Desenhe Agora - Do Zero 102% pode ajudar a organizar os estudos; o link da página é de afiliado.","https://res.cloudinary.com/xrakiohl/image/upload/c_pad,w_1000,h_1500,b_auto,q_auto:eco/v1783143460/pinterest/hotmart-manga/PhotoGrid_Site_1631467358977_compress3-3b0d67b6f74d.jpg",https://luscaarmstrong1.github.io/conteudo-afiliados-pages/desenho-manga-conteudo/go/2026/10/01/hotmart-20261001-008.html
hotmart|2026-10-01|009,hotmart,2026-10-01T00:04:11.485565-03:00,Photogrid 1549265746458~01: como registrar a evolução com Desenhando sem Dom,"Use esta referência de photogrid 1549265746458~01 para registrar a evolução em uma prática de desenho. Comece pelas formas simples, compare as proporções e revise os traços aos poucos. O curso Desenhando sem Dom pode ajudar a organizar os estudos; o link da página é de afiliado.","https://res.cloudinary.com/xrakiohl/image/upload/c_pad,w_1000,h_1500,b_auto,q_auto:eco/v1783143367/pinterest/hotmart-manga/PhotoGrid_1549265746458%7E01-6efc9bdfbbc4.jpg",https://luscaarmstrong1.github.io/conteudo-afiliados-pages/desenho-manga-conteudo/go/2026/10/01/hotmart-20261001-009.html
hotmart|2026-10-01|010,hotmart,2026-10-01T00:04:12.485565-03:00,Ibuki 01 192-193: como testar outra técnica com Curso Desenhe Agora - Do Zero 102%,"Use esta referência de ibuki 01 192-193 para testar outra técnica em uma prática de desenho. Comece pelas formas simples, compare as proporções e revise os traços aos poucos. O curso Curso Desenhe Agora - Do Zero 102% pode ajudar a organizar os estudos; o link da página é de afiliado.","https://res.cloudinary.com/xrakiohl/image/upload/c_pad,w_1000,h_1500,b_auto,q_auto:eco/v1783143279/pinterest/hotmart-manga/Ibuki%2001_192-193-26c6e1987006.jpg",https://luscaarmstrong1.github.io/conteudo-afiliados-pages/desenho-manga-conteudo/go/2026/10/01/hotmart-20261001-010.html
shopee|2026-10-02|001,shopee,2026-10-02T00:02:38.593904-03:00,Quarto aconchegante: Projetor Astronauta Galaxia para resolver um problema comum,"Uma ideia de quarto aconchegante com Projetor Astronauta Galaxia para resolver um problema comum. Observe o tamanho, o acabamento e como o produto se encaixa no seu espaço antes de escolher. Esta publicação pode conter link de afiliado; confira os detalhes na página da oferta.","https://res.cloudinary.com/xrakiohl/image/upload/c_pad,w_1000,h_1500,b_auto,q_auto:eco/v1783143830/pinterest/shopee-achados/PhotoGrid_Site_1759541198004-27c54287afa9.jpg",https://luscaarmstrong1.github.io/conteudo-afiliados-pages/achadinhos-conteudo/go/2026/10/02/shopee-20261002-001.html
shopee|2026-10-02|002,shopee,2026-10-02T00:02:39.593904-03:00,Cantinho de entretenimento: Ampliador de Tela para Celular para melhorar a organização,"Uma ideia de cantinho de entretenimento com Ampliador de Tela para Celular para melhorar a organização. Observe o tamanho, o acabamento e como o produto se encaixa no seu espaço antes de escolher. Esta publicação pode conter link de afiliado; confira os detalhes na página da oferta.","https://res.cloudinary.com/xrakiohl/image/upload/c_pad,w_1000,h_1500,b_auto,q_auto:eco/v1783143801/pinterest/shopee-achados/PhotoGrid_Site_1759538441515-6d123d618527.jpg",https://luscaarmstrong1.github.io/conteudo-afiliados-pages/achadinhos-conteudo/go/2026/10/02/shopee-20261002-002.html
shopee|2026-10-02|003,shopee,2026-10-02T00:02:40.593904-03:00,Carro limpo: Suporte Veicular para Celular para facilitar o uso diário,"Uma ideia de carro limpo com Suporte Veicular para Celular para facilitar o uso diário. Observe o tamanho, o acabamento e como o produto se encaixa no seu espaço antes de escolher. Esta publicação pode conter link de afiliado; confira os detalhes na página da oferta.","https://res.cloudinary.com/xrakiohl/image/upload/c_pad,w_1000,h_1500,b_auto,q_auto:eco/v1783143803/pinterest/shopee-achados/PhotoGrid_Site_1759538665299-8c3798991992.jpg",https://luscaarmstrong1.github.io/conteudo-afiliados-pages/achadinhos-conteudo/go/2026/10/02/shopee-20261002-003.html
shopee|2026-10-02|004,shopee,2026-10-02T00:02:41.593904-03:00,Mesa organizada: Suporte de Carregamento de Parede para organizar melhor a rotina,"Uma ideia de mesa organizada com Suporte de Carregamento de Parede para organizar melhor a rotina. Observe o tamanho, o acabamento e como o produto se encaixa no seu espaço antes de escolher. Esta publicação pode conter link de afiliado; confira os detalhes na página da oferta.","https://res.cloudinary.com/xrakiohl/image/upload/c_pad,w_1000,h_1500,b_auto,q_auto:eco/v1783143823/pinterest/shopee-achados/PhotoGrid_Site_1759540605141-c3e3e826d21f.jpg",https://luscaarmstrong1.github.io/conteudo-afiliados-pages/achadinhos-conteudo/go/2026/10/02/shopee-20261002-004.html
shopee|2026-10-02|005,shopee,2026-10-02T00:02:42.593904-03:00,Maquiagem organizada: Kit Necessaire Transparente para aproveitar melhor o espaço,"Uma ideia de maquiagem organizada com Kit Necessaire Transparente para aproveitar melhor o espaço. Observe o tamanho, o acabamento e como o produto se encaixa no seu espaço antes de escolher. Esta publicação pode conter link de afiliado; confira os detalhes na página da oferta.","https://res.cloudinary.com/xrakiohl/image/upload/c_pad,w_1000,h_1500,b_auto,q_auto:eco/v1783143819/pinterest/shopee-achados/PhotoGrid_Site_1759540322240-9ed8f002da33.jpg",https://luscaarmstrong1.github.io/conteudo-afiliados-pages/achadinhos-conteudo/go/2026/10/02/shopee-20261002-005.html
shopee|2026-10-02|006,shopee,2026-10-02T00:02:43.593904-03:00,Pia organizada: Dispenser de Detergente e Bucha para simplificar uma tarefa,"Uma ideia de pia organizada com Dispenser de Detergente e Bucha para simplificar uma tarefa. Observe o tamanho, o acabamento e como o produto se encaixa no seu espaço antes de escolher. Esta publicação pode conter link de afiliado; confira os detalhes na página da oferta.","https://res.cloudinary.com/xrakiohl/image/upload/c_pad,w_1000,h_1500,b_auto,q_auto:eco/v1783143828/pinterest/shopee-achados/PhotoGrid_Site_1759541102911-2979d6ca756d.jpg",https://luscaarmstrong1.github.io/conteudo-afiliados-pages/achadinhos-conteudo/go/2026/10/02/shopee-20261002-006.html
shopee|2026-10-02|007,shopee,2026-10-02T00:02:44.593904-03:00,Pia organizada: Dispenser Luxo para Detergente para cuidar dos detalhes,"Uma ideia de pia organizada com Dispenser Luxo para Detergente para cuidar dos detalhes. Observe o tamanho, o acabamento e como o produto se encaixa no seu espaço antes de escolher. Esta publicação pode conter link de afiliado; confira os detalhes na página da oferta.","https://res.cloudinary.com/xrakiohl/image/upload/c_pad,w_1000,h_1500,b_auto,q_auto:eco/v1783143826/pinterest/shopee-achados/PhotoGrid_Site_1759540967737-1697a285b46d.jpg",https://luscaarmstrong1.github.io/conteudo-afiliados-pages/achadinhos-conteudo/go/2026/10/02/shopee-20261002-007.html
shopee|2026-10-02|008,shopee,2026-10-02T00:02:45.593904-03:00,Mesa posta elegante: Jogo de Tacas Diamond para deixar o dia mais prático,"Uma ideia de mesa posta elegante com Jogo de Tacas Diamond para deixar o dia mais prático. Observe o tamanho, o acabamento e como o produto se encaixa no seu espaço antes de escolher. Esta publicação pode conter link de afiliado; confira os detalhes na página da oferta.","https://res.cloudinary.com/xrakiohl/image/upload/c_pad,w_1000,h_1500,b_auto,q_auto:eco/v1783143824/pinterest/shopee-achados/PhotoGrid_Site_1759540799002-a05b6925c77f.jpg",https://luscaarmstrong1.github.io/conteudo-afiliados-pages/achadinhos-conteudo/go/2026/10/02/shopee-20261002-008.html
shopee|2026-10-02|009,shopee,2026-10-02T00:02:46.593904-03:00,Geladeira organizada: Kit Marmitas com Travas para comparar opções com calma,"Uma ideia de geladeira organizada com Kit Marmitas com Travas para comparar opções com calma. Observe o tamanho, o acabamento e como o produto se encaixa no seu espaço antes de escolher. Esta publicação pode conter link de afiliado; confira os detalhes na página da oferta.","https://res.cloudinary.com/xrakiohl/image/upload/c_pad,w_1000,h_1500,b_auto,q_auto:eco/v1783143815/pinterest/shopee-achados/PhotoGrid_Site_1759539911536-9846f0cfb254.jpg",https://luscaarmstrong1.github.io/conteudo-afiliados-pages/achadinhos-conteudo/go/2026/10/02/shopee-20261002-009.html
shopee|2026-10-02|010,shopee,2026-10-02T00:02:47.593904-03:00,Gaveta organizada: Organizador de Gavetas de Cozinha para renovar um cantinho,"Uma ideia de gaveta organizada com Organizador de Gavetas de Cozinha para renovar um cantinho. Observe o tamanho, o acabamento e como o produto se encaixa no seu espaço antes de escolher. Esta publicação pode conter link de afiliado; confira os detalhes na página da oferta.","https://res.cloudinary.com/xrakiohl/image/upload/c_pad,w_1000,h_1500,b_auto,q_auto:eco/v1783143813/pinterest/shopee-achados/PhotoGrid_Site_1759539632032-5c50795f2a74.jpg",https://luscaarmstrong1.github.io/conteudo-afiliados-pages/achadinhos-conteudo/go/2026/10/02/shopee-20261002-010.html
hotmart|2026-10-02|001,hotmart,2026-10-02T00:02:38.593904-03:00,Lineart e acabamento: como registrar a evolução com Curso Desenhe Agora - Do Zero 102%,"Use esta referência de lineart e acabamento para registrar a evolução em uma prática de desenho. Comece pelas formas simples, compare as proporções e revise os traços aos poucos. O curso Curso Desenhe Agora - Do Zero 102% pode ajudar a organizar os estudos; o link da página é de afiliado.","https://res.cloudinary.com/xrakiohl/image/upload/c_pad,w_1000,h_1500,b_auto,q_auto:eco/v1783143252/pinterest/hotmart-manga/GMMgW-OaQAIwxfR-c1d88c339f44.jpg",https://luscaarmstrong1.github.io/conteudo-afiliados-pages/desenho-manga-conteudo/go/2026/10/02/hotmart-20261002-001.html
hotmart|2026-10-02|002,hotmart,2026-10-02T00:02:39.593904-03:00,Criação de personagem: como testar outra técnica com Desenhando sem Dom,"Use esta referência de criação de personagem para testar outra técnica em uma prática de desenho. Comece pelas formas simples, compare as proporções e revise os traços aos poucos. O curso Desenhando sem Dom pode ajudar a organizar os estudos; o link da página é de afiliado.","https://res.cloudinary.com/xrakiohl/image/upload/c_pad,w_1000,h_1500,b_auto,q_auto:eco/v1783143546/pinterest/hotmart-manga/underrated-v0-cx869muxvgff1-15f59aced8dd.jpg",https://luscaarmstrong1.github.io/conteudo-afiliados-pages/desenho-manga-conteudo/go/2026/10/02/hotmart-20261002-002.html
hotmart|2026-10-02|003,hotmart,2026-10-02T00:02:40.593904-03:00,Olhos e rosto em estilo manga: como desenhar com mais intenção com Curso Desenhe Agora - Do Zer,"Use esta referência de olhos e rosto em estilo manga para desenhar com mais intenção em uma prática de desenho. Comece pelas formas simples, compare as proporções e revise os traços aos poucos. O curso Curso Desenhe Agora - Do Zero 102% pode ajudar a organizar os estudos; o link da página é de afiliado.","https://res.cloudinary.com/xrakiohl/image/upload/c_pad,w_1000,h_1500,b_auto,q_auto:eco/v1783143376/pinterest/hotmart-manga/PhotoGrid_1553117056738%7E01-7a52082836e3.jpg",https://luscaarmstrong1.github.io/conteudo-afiliados-pages/desenho-manga-conteudo/go/2026/10/02/hotmart-20261002-003.html
hotmart|2026-10-02|004,hotmart,2026-10-02T00:02:41.593904-03:00,Fundamentos do desenho: como treinar o olhar com Desenhando sem Dom,"Use esta referência de fundamentos do desenho para treinar o olhar em uma prática de desenho. Comece pelas formas simples, compare as proporções e revise os traços aos poucos. O curso Desenhando sem Dom pode ajudar a organizar os estudos; o link da página é de afiliado.","https://res.cloudinary.com/xrakiohl/image/upload/c_pad,w_1000,h_1500,b_auto,q_auto:eco/v1783143492/pinterest/hotmart-manga/q6qur6mhfqx91-b1686454a658.png",https://luscaarmstrong1.github.io/conteudo-afiliados-pages/desenho-manga-conteudo/go/2026/10/02/hotmart-20261002-004.html
hotmart|2026-10-02|005,hotmart,2026-10-02T00:02:42.593904-03:00,Poses dinâmicas de personagem: como praticar formas básicas com Curso Desenhe Agora - Do Zero 1,"Use esta referência de poses dinâmicas de personagem para praticar formas básicas em uma prática de desenho. Comece pelas formas simples, compare as proporções e revise os traços aos poucos. O curso Curso Desenhe Agora - Do Zero 102% pode ajudar a organizar os estudos; o link da página é de afiliado.","https://res.cloudinary.com/xrakiohl/image/upload/c_pad,w_1000,h_1500,b_auto,q_auto:eco/v1783143453/pinterest/hotmart-manga/PhotoGrid_Plus_1623382313997-f61fae87a6fc.jpg",https://luscaarmstrong1.github.io/conteudo-afiliados-pages/desenho-manga-conteudo/go/2026/10/02/hotmart-20261002-005.html
hotmart|2026-10-02|006,hotmart,2026-10-02T00:02:43.593904-03:00,Poses dinâmicas de personagem: como observar proporções com Desenhando sem Dom,"Use esta referência de poses dinâmicas de personagem para observar proporções em uma prática de desenho. Comece pelas formas simples, compare as proporções e revise os traços aos poucos. O curso Desenhando sem Dom pode ajudar a organizar os estudos; o link da página é de afiliado.","https://res.cloudinary.com/xrakiohl/image/upload/c_pad,w_1000,h_1500,b_auto,q_auto:eco/v1783143374/pinterest/hotmart-manga/PhotoGrid_1550797421936%7E01-80bb2acc8453.jpg",https://luscaarmstrong1.github.io/conteudo-afiliados-pages/desenho-manga-conteudo/go/2026/10/02/hotmart-20261002-006.html
hotmart|2026-10-02|007,hotmart,2026-10-02T00:02:44.593904-03:00,Anatomia para desenho: como experimentar novos traços com Curso Desenhe Agora - Do Zero 102%,"Use esta referência de anatomia para desenho para experimentar novos traços em uma prática de desenho. Comece pelas formas simples, compare as proporções e revise os traços aos poucos. O curso Curso Desenhe Agora - Do Zero 102% pode ajudar a organizar os estudos; o link da página é de afiliado.","https://res.cloudinary.com/xrakiohl/image/upload/c_pad,w_1000,h_1500,b_auto,q_auto:eco/v1783143310/pinterest/hotmart-manga/l4mu7n1wmim21-578836955754.jpg",https://luscaarmstrong1.github.io/conteudo-afiliados-pages/desenho-manga-conteudo/go/2026/10/02/hotmart-20261002-007.html
hotmart|2026-10-02|008,hotmart,2026-10-02T00:02:45.593904-03:00,Expressões faciais em manga: como desenvolver um personagem com Desenhando sem Dom,"Use esta referência de expressões faciais em manga para desenvolver um personagem em uma prática de desenho. Comece pelas formas simples, compare as proporções e revise os traços aos poucos. O curso Desenhando sem Dom pode ajudar a organizar os estudos; o link da página é de afiliado.","https://res.cloudinary.com/xrakiohl/image/upload/c_pad,w_1000,h_1500,b_auto,q_auto:eco/v1783143373/pinterest/hotmart-manga/PhotoGrid_1550373889793%7E01-1476e51c0e25.jpg",https://luscaarmstrong1.github.io/conteudo-afiliados-pages/desenho-manga-conteudo/go/2026/10/02/hotmart-20261002-008.html
hotmart|2026-10-02|009,hotmart,2026-10-02T00:02:46.593904-03:00,Luz e sombra no desenho: como revisar os fundamentos com Curso Desenhe Agora - Do Zero 102%,"Use esta referência de luz e sombra no desenho para revisar os fundamentos em uma prática de desenho. Comece pelas formas simples, compare as proporções e revise os traços aos poucos. O curso Curso Desenhe Agora - Do Zero 102% pode ajudar a organizar os estudos; o link da página é de afiliado.","https://res.cloudinary.com/xrakiohl/image/upload/c_pad,w_1000,h_1500,b_auto,q_auto:eco/v1783143319/pinterest/hotmart-manga/mangass%20%28720%29-8bc5c76e4a86.jpg",https://luscaarmstrong1.github.io/conteudo-afiliados-pages/desenho-manga-conteudo/go/2026/10/02/hotmart-20261002-009.html
hotmart|2026-10-02|010,hotmart,2026-10-02T00:02:47.593904-03:00,Olhos e rosto em estilo manga: como estudar luz e sombra com Desenhando sem Dom,"Use esta referência de olhos e rosto em estilo manga para estudar luz e sombra em uma prática de desenho. Comece pelas formas simples, compare as proporções e revise os traços aos poucos. O curso Desenhando sem Dom pode ajudar a organizar os estudos; o link da página é de afiliado.","https://res.cloudinary.com/xrakiohl/image/upload/c_pad,w_1000,h_1500,b_auto,q_auto:eco/v1783143490/pinterest/hotmart-manga/PlancheS_52965-88459007bcdd.jpg",https://luscaarmstrong1.github.io/conteudo-afiliados-pages/desenho-manga-conteudo/go/2026/10/02/hotmart-20261002-010.html
shopee|2026-10-03|001,shopee,2026-10-03T04:15:29.224362-03:00,Mesa organizada: Ampliador de Tela para Celular para comparar opções com calma,"Uma ideia de mesa organizada com Ampliador de Tela para Celular para comparar opções com calma. Observe o tamanho, o acabamento e como o produto se encaixa no seu espaço antes de escolher. Esta publicação pode conter link de afiliado; confira os detalhes na página da oferta.","https://res.cloudinary.com/xrakiohl/image/upload/c_pad,w_1000,h_1500,b_auto,q_auto:eco/v1783143821/pinterest/shopee-achados/PhotoGrid_Site_1759540436626-bd50d881d869.jpg",https://luscaarmstrong1.github.io/conteudo-afiliados-pages/achadinhos-conteudo/go/2026/10/03/shopee-20261003-001.html
shopee|2026-10-03|002,shopee,2026-10-03T04:15:30.224362-03:00,Carro organizado: Suporte Veicular para Celular para renovar um cantinho,"Uma ideia de carro organizado com Suporte Veicular para Celular para renovar um cantinho. Observe o tamanho, o acabamento e como o produto se encaixa no seu espaço antes de escolher. Esta publicação pode conter link de afiliado; confira os detalhes na página da oferta.","https://res.cloudinary.com/xrakiohl/image/upload/c_pad,w_1000,h_1500,b_auto,q_auto:eco/v1783143806/pinterest/shopee-achados/PhotoGrid_Site_1759538978298-1915816d2aa8.jpg",https://luscaarmstrong1.github.io/conteudo-afiliados-pages/achadinhos-conteudo/go/2026/10/03/shopee-20261003-002.html
shopee|2026-10-03|003,shopee,2026-10-03T04:15:31.224362-03:00,Mesa organizada: Suporte de Carregamento de Parede para ganhar tempo no dia a dia,"Uma ideia de mesa organizada com Suporte de Carregamento de Parede para ganhar tempo no dia a dia. Observe o tamanho, o acabamento e como o produto se encaixa no seu espaço antes de escolher. Esta publicação pode conter link de afiliado; confira os detalhes na página da oferta.","https://res.cloudinary.com/xrakiohl/image/upload/c_pad,w_1000,h_1500,b_auto,q_auto:eco/v1783143822/pinterest/shopee-achados/PhotoGrid_Site_1759540543137-64c858839ec6.jpg",https://luscaarmstrong1.github.io/conteudo-afiliados-pages/achadinhos-conteudo/go/2026/10/03/shopee-20261003-003.html
shopee|2026-10-03|004,shopee,2026-10-03T04:15:32.224362-03:00,Maquiagem organizada: Kit Necessaire Transparente para montar um espaço funcional,"Uma ideia de maquiagem organizada com Kit Necessaire Transparente para montar um espaço funcional. Observe o tamanho, o acabamento e como o produto se encaixa no seu espaço antes de escolher. Esta publicação pode conter link de afiliado; confira os detalhes na página da oferta.","https://res.cloudinary.com/xrakiohl/image/upload/c_pad,w_1000,h_1500,b_auto,q_auto:eco/v1783143819/pinterest/shopee-achados/PhotoGrid_Site_1759540322240-9ed8f002da33.jpg",https://luscaarmstrong1.github.io/conteudo-afiliados-pages/achadinhos-conteudo/go/2026/10/03/shopee-20261003-004.html
shopee|2026-10-03|005,shopee,2026-10-03T04:15:33.224362-03:00,Cozinha organizada: Dispenser de Detergente e Bucha para resolver um problema comum,"Uma ideia de cozinha organizada com Dispenser de Detergente e Bucha para resolver um problema comum. Observe o tamanho, o acabamento e como o produto se encaixa no seu espaço antes de escolher. Esta publicação pode conter link de afiliado; confira os detalhes na página da oferta.","https://res.cloudinary.com/xrakiohl/image/upload/c_pad,w_1000,h_1500,b_auto,q_auto:eco/v1783143809/pinterest/shopee-achados/PhotoGrid_Site_1759539432984-9a856c7f184d.jpg",https://luscaarmstrong1.github.io/conteudo-afiliados-pages/achadinhos-conteudo/go/2026/10/03/shopee-20261003-005.html
shopee|2026-10-03|006,shopee,2026-10-03T04:15:34.224362-03:00,Cozinha organizada: Dispenser Luxo para Detergente para melhorar a organização,"Uma ideia de cozinha organizada com Dispenser Luxo para Detergente para melhorar a organização. Observe o tamanho, o acabamento e como o produto se encaixa no seu espaço antes de escolher. Esta publicação pode conter link de afiliado; confira os detalhes na página da oferta.","https://res.cloudinary.com/xrakiohl/image/upload/c_pad,w_1000,h_1500,b_auto,q_auto:eco/v1783143811/pinterest/shopee-achados/PhotoGrid_Site_1759539506736-4e8db2731d80.jpg",https://luscaarmstrong1.github.io/conteudo-afiliados-pages/achadinhos-conteudo/go/2026/10/03/shopee-20261003-006.html
shopee|2026-10-03|007,shopee,2026-10-03T04:15:35.224362-03:00,Mesa posta elegante: Jogo de Tacas Diamond para facilitar o uso diário,"Uma ideia de mesa posta elegante com Jogo de Tacas Diamond para facilitar o uso diário. Observe o tamanho, o acabamento e como o produto se encaixa no seu espaço antes de escolher. Esta publicação pode conter link de afiliado; confira os detalhes na página da oferta.","https://res.cloudinary.com/xrakiohl/image/upload/c_pad,w_1000,h_1500,b_auto,q_auto:eco/v1783143823/pinterest/shopee-achados/PhotoGrid_Site_1759540742975-6ae386381e9d.jpg",https://luscaarmstrong1.github.io/conteudo-afiliados-pages/achadinhos-conteudo/go/2026/10/03/shopee-20261003-007.html
shopee|2026-10-03|008,shopee,2026-10-03T04:15:36.224362-03:00,Geladeira organizada: Kit Marmitas com Travas para organizar melhor a rotina,"Uma ideia de geladeira organizada com Kit Marmitas com Travas para organizar melhor a rotina. Observe o tamanho, o acabamento e como o produto se encaixa no seu espaço antes de escolher. Esta publicação pode conter link de afiliado; confira os detalhes na página da oferta.","https://res.cloudinary.com/xrakiohl/image/upload/c_pad,w_1000,h_1500,b_auto,q_auto:eco/v1783143816/pinterest/shopee-achados/PhotoGrid_Site_1759540103788-46088cf60d68.jpg",https://luscaarmstrong1.github.io/conteudo-afiliados-pages/achadinhos-conteudo/go/2026/10/03/shopee-20261003-008.html
shopee|2026-10-03|009,shopee,2026-10-03T04:15:37.224362-03:00,Gaveta organizada: Organizador de Gavetas de Cozinha para aproveitar melhor o espaço,"Uma ideia de gaveta organizada com Organizador de Gavetas de Cozinha para aproveitar melhor o espaço. Observe o tamanho, o acabamento e como o produto se encaixa no seu espaço antes de escolher. Esta publicação pode conter link de afiliado; confira os detalhes na página da oferta.","https://res.cloudinary.com/xrakiohl/image/upload/c_pad,w_1000,h_1500,b_auto,q_auto:eco/v1783143815/pinterest/shopee-achados/PhotoGrid_Site_1759539806558-72400313a8b5.jpg",https://luscaarmstrong1.github.io/conteudo-afiliados-pages/achadinhos-conteudo/go/2026/10/03/shopee-20261003-009.html
shopee|2026-10-03|010,shopee,2026-10-03T04:15:38.224362-03:00,Banheiro organizado: Prateleira Adesiva para Banheiro para simplificar uma tarefa,"Uma ideia de banheiro organizado com Prateleira Adesiva para Banheiro para simplificar uma tarefa. Observe o tamanho, o acabamento e como o produto se encaixa no seu espaço antes de escolher. Esta publicação pode conter link de afiliado; confira os detalhes na página da oferta.","https://res.cloudinary.com/xrakiohl/image/upload/c_pad,w_1000,h_1500,b_auto,q_auto:eco/v1783143799/pinterest/shopee-achados/PhotoGrid_Site_1759538312362-9e3eca3f4f99.jpg",https://luscaarmstrong1.github.io/conteudo-afiliados-pages/achadinhos-conteudo/go/2026/10/03/shopee-20261003-010.html
hotmart|2026-10-03|001,hotmart,2026-10-03T04:15:29.224362-03:00,Fundamentos do desenho: como revisar os fundamentos com Desenhando sem Dom,"Use esta referência de fundamentos do desenho para revisar os fundamentos em uma prática de desenho. Comece pelas formas simples, compare as proporções e revise os traços aos poucos. O curso Desenhando sem Dom pode ajudar a organizar os estudos; o link da página é de afiliado.","https://res.cloudinary.com/xrakiohl/image/upload/c_pad,w_1000,h_1500,b_auto,q_auto:eco/v1783143292/pinterest/hotmart-manga/images%20%2833%29-b6b20465b88d.jpg",https://luscaarmstrong1.github.io/conteudo-afiliados-pages/desenho-manga-conteudo/go/2026/10/03/hotmart-20261003-001.html
hotmart|2026-10-03|002,hotmart,2026-10-03T04:15:30.224362-03:00,Anatomia para desenho: como estudar luz e sombra com Curso Desenhe Agora - Do Zero 102%,"Use esta referência de anatomia para desenho para estudar luz e sombra em uma prática de desenho. Comece pelas formas simples, compare as proporções e revise os traços aos poucos. O curso Curso Desenhe Agora - Do Zero 102% pode ajudar a organizar os estudos; o link da página é de afiliado.","https://res.cloudinary.com/xrakiohl/image/upload/c_pad,w_1000,h_1500,b_auto,q_auto:eco/v1783143494/pinterest/hotmart-manga/quais-seus-pain%C3%A9is-favoritos-v0-e9m33smczjof1-99f2c4243d87.png",https://luscaarmstrong1.github.io/conteudo-afiliados-pages/desenho-manga-conteudo/go/2026/10/03/hotmart-20261003-002.html
hotmart|2026-10-03|003,hotmart,2026-10-03T04:15:31.224362-03:00,Criação de personagem: como melhorar a composição com Desenhando sem Dom,"Use esta referência de criação de personagem para melhorar a composição em uma prática de desenho. Comece pelas formas simples, compare as proporções e revise os traços aos poucos. O curso Desenhando sem Dom pode ajudar a organizar os estudos; o link da página é de afiliado.","https://res.cloudinary.com/xrakiohl/image/upload/c_pad,w_1000,h_1500,b_auto,q_auto:eco/v1783143457/pinterest/hotmart-manga/PhotoGrid_Plus_1625591177878_compress82-e8c2476979fc.jpg",https://luscaarmstrong1.github.io/conteudo-afiliados-pages/desenho-manga-conteudo/go/2026/10/03/hotmart-20261003-003.html
hotmart|2026-10-03|004,hotmart,2026-10-03T04:15:32.224362-03:00,Olhos e rosto em estilo manga: como praticar com referência com Curso Desenhe Agora - Do Zero 1,"Use esta referência de olhos e rosto em estilo manga para praticar com referência em uma prática de desenho. Comece pelas formas simples, compare as proporções e revise os traços aos poucos. O curso Curso Desenhe Agora - Do Zero 102% pode ajudar a organizar os estudos; o link da página é de afiliado.","https://res.cloudinary.com/xrakiohl/image/upload/c_pad,w_1000,h_1500,b_auto,q_auto:eco/v1783143297/pinterest/hotmart-manga/images%20-%202021-03-27T174455.054-32b58639002b.jpg",https://luscaarmstrong1.github.io/conteudo-afiliados-pages/desenho-manga-conteudo/go/2026/10/03/hotmart-20261003-004.html
hotmart|2026-10-03|005,hotmart,2026-10-03T04:15:33.224362-03:00,Luz e sombra no desenho: como registrar a evolução com Desenhando sem Dom,"Use esta referência de luz e sombra no desenho para registrar a evolução em uma prática de desenho. Comece pelas formas simples, compare as proporções e revise os traços aos poucos. O curso Desenhando sem Dom pode ajudar a organizar os estudos; o link da página é de afiliado.","https://res.cloudinary.com/xrakiohl/image/upload/c_pad,w_1000,h_1500,b_auto,q_auto:eco/v1783143302/pinterest/hotmart-manga/j061ni64sk051-712b936c8dea.png",https://luscaarmstrong1.github.io/conteudo-afiliados-pages/desenho-manga-conteudo/go/2026/10/03/hotmart-20261003-005.html
hotmart|2026-10-03|006,hotmart,2026-10-03T04:15:34.224362-03:00,Desenho de personagem manga: como testar outra técnica com Curso Desenhe Agora - Do Zero 102%,"Use esta referência de desenho de personagem manga para testar outra técnica em uma prática de desenho. Comece pelas formas simples, compare as proporções e revise os traços aos poucos. O curso Curso Desenhe Agora - Do Zero 102% pode ajudar a organizar os estudos; o link da página é de afiliado.","https://res.cloudinary.com/xrakiohl/image/upload/c_pad,w_1000,h_1500,b_auto,q_auto:eco/v1783143395/pinterest/hotmart-manga/PhotoGrid_1561740386937-cc73a35d0d76.jpg",https://luscaarmstrong1.github.io/conteudo-afiliados-pages/desenho-manga-conteudo/go/2026/10/03/hotmart-20261003-006.html
hotmart|2026-10-03|007,hotmart,2026-10-03T04:15:35.224362-03:00,Composição de cena manga: como desenhar com mais intenção com Desenhando sem Dom,"Use esta referência de composição de cena manga para desenhar com mais intenção em uma prática de desenho. Comece pelas formas simples, compare as proporções e revise os traços aos poucos. O curso Desenhando sem Dom pode ajudar a organizar os estudos; o link da página é de afiliado.","https://res.cloudinary.com/xrakiohl/image/upload/c_pad,w_1000,h_1500,b_auto,q_auto:eco/v1783143289/pinterest/hotmart-manga/image077-616ff3cb3c2d.jpg",https://luscaarmstrong1.github.io/conteudo-afiliados-pages/desenho-manga-conteudo/go/2026/10/03/hotmart-20261003-007.html
hotmart|2026-10-03|008,hotmart,2026-10-03T04:15:36.224362-03:00,Anatomia para desenho: como treinar o olhar com Curso Desenhe Agora - Do Zero 102%,"Use esta referência de anatomia para desenho para treinar o olhar em uma prática de desenho. Comece pelas formas simples, compare as proporções e revise os traços aos poucos. O curso Curso Desenhe Agora - Do Zero 102% pode ajudar a organizar os estudos; o link da página é de afiliado.","https://res.cloudinary.com/xrakiohl/image/upload/c_pad,w_1000,h_1500,b_auto,q_auto:eco/v1783143294/pinterest/hotmart-manga/images%20%2892%29-502fd4dbb745.jpg",https://luscaarmstrong1.github.io/conteudo-afiliados-pages/desenho-manga-conteudo/go/2026/10/03/hotmart-20261003-008.html
hotmart|2026-10-03|009,hotmart,2026-10-03T04:15:37.224362-03:00,Cabelo e roupas de personagem: como praticar formas básicas com Desenhando sem Dom,"Use esta referência de cabelo e roupas de personagem para praticar formas básicas em uma prática de desenho. Comece pelas formas simples, compare as proporções e revise os traços aos poucos. O curso Desenhando sem Dom pode ajudar a organizar os estudos; o link da página é de afiliado.","https://res.cloudinary.com/xrakiohl/image/upload/c_pad,w_1000,h_1500,b_auto,q_auto:eco/v1783143296/pinterest/hotmart-manga/images%20-%202021-03-27T173430.181-6bb04e889dee.jpg",https://luscaarmstrong1.github.io/conteudo-afiliados-pages/desenho-manga-conteudo/go/2026/10/03/hotmart-20261003-009.html
hotmart|2026-10-03|010,hotmart,2026-10-03T04:15:38.224362-03:00,Cabelo e roupas de personagem: como observar proporções com Curso Desenhe Agora - Do Zero 102%,"Use esta referência de cabelo e roupas de personagem para observar proporções em uma prática de desenho. Comece pelas formas simples, compare as proporções e revise os traços aos poucos. O curso Curso Desenhe Agora - Do Zero 102% pode ajudar a organizar os estudos; o link da página é de afiliado.","https://res.cloudinary.com/xrakiohl/image/upload/c_pad,w_1000,h_1500,b_auto,q_auto:eco/v1783143282/pinterest/hotmart-manga/ie2rswruoayd1-ff85fec79b4c.jpg",https://luscaarmstrong1.github.io/conteudo-afiliados-pages/desenho-manga-conteudo/go/2026/10/03/hotmart-20261003-010.html
shopee|2026-10-04|001,shopee,2026-10-04T04:33:15.044765-03:00,Carro limpo: Suporte Veicular para Celular para aproveitar melhor o espaço,"Uma ideia de carro limpo com Suporte Veicular para Celular para aproveitar melhor o espaço. Observe o tamanho, o acabamento e como o produto se encaixa no seu espaço antes de escolher. Esta publicação pode conter link de afiliado; confira os detalhes na página da oferta.","https://res.cloudinary.com/xrakiohl/image/upload/c_pad,w_1000,h_1500,b_auto,q_auto:eco/v1783143802/pinterest/shopee-achados/PhotoGrid_Site_1759538635699-a557aa133e0d.jpg",https://luscaarmstrong1.github.io/conteudo-afiliados-pages/achadinhos-conteudo/go/2026/10/04/shopee-20261004-001.html
shopee|2026-10-04|002,shopee,2026-10-04T04:33:16.044765-03:00,Mesa organizada: Suporte de Carregamento de Parede para simplificar uma tarefa,"Uma ideia de mesa organizada com Suporte de Carregamento de Parede para simplificar uma tarefa. Observe o tamanho, o acabamento e como o produto se encaixa no seu espaço antes de escolher. Esta publicação pode conter link de afiliado; confira os detalhes na página da oferta.","https://res.cloudinary.com/xrakiohl/image/upload/c_pad,w_1000,h_1500,b_auto,q_auto:eco/v1783143823/pinterest/shopee-achados/PhotoGrid_Site_1759540605141-c3e3e826d21f.jpg",https://luscaarmstrong1.github.io/conteudo-afiliados-pages/achadinhos-conteudo/go/2026/10/04/shopee-20261004-002.html
shopee|2026-10-04|003,shopee,2026-10-04T04:33:17.044765-03:00,Maquiagem organizada: Kit Necessaire Transparente para cuidar dos detalhes,"Uma ideia de maquiagem organizada com Kit Necessaire Transparente para cuidar dos detalhes. Observe o tamanho, o acabamento e como o produto se encaixa no seu espaço antes de escolher. Esta publicação pode conter link de afiliado; confira os detalhes na página da oferta.","https://res.cloudinary.com/xrakiohl/image/upload/c_pad,w_1000,h_1500,b_auto,q_auto:eco/v1783143819/pinterest/shopee-achados/PhotoGrid_Site_1759540322240-9ed8f002da33.jpg",https://luscaarmstrong1.github.io/conteudo-afiliados-pages/achadinhos-conteudo/go/2026/10/04/shopee-20261004-003.html
shopee|2026-10-04|004,shopee,2026-10-04T04:33:18.044765-03:00,Cozinha organizada: Dispenser de Detergente e Bucha para deixar o dia mais prático,"Uma ideia de cozinha organizada com Dispenser de Detergente e Bucha para deixar o dia mais prático. Observe o tamanho, o acabamento e como o produto se encaixa no seu espaço antes de escolher. Esta publicação pode conter link de afiliado; confira os detalhes na página da oferta.","https://res.cloudinary.com/xrakiohl/image/upload/c_pad,w_1000,h_1500,b_auto,q_auto:eco/v1783143811/pinterest/shopee-achados/PhotoGrid_Site_1759539506736-4e8db2731d80.jpg",https://luscaarmstrong1.github.io/conteudo-afiliados-pages/achadinhos-conteudo/go/2026/10/04/shopee-20261004-004.html
shopee|2026-10-04|005,shopee,2026-10-04T04:33:19.044765-03:00,Pia organizada: Dispenser Luxo para Detergente para comparar opções com calma,"Uma ideia de pia organizada com Dispenser Luxo para Detergente para comparar opções com calma. Observe o tamanho, o acabamento e como o produto se encaixa no seu espaço antes de escolher. Esta publicação pode conter link de afiliado; confira os detalhes na página da oferta.","https://res.cloudinary.com/xrakiohl/image/upload/c_pad,w_1000,h_1500,b_auto,q_auto:eco/v1783143828/pinterest/shopee-achados/PhotoGrid_Site_1759541102911-2979d6ca756d.jpg",https://luscaarmstrong1.github.io/conteudo-afiliados-pages/achadinhos-conteudo/go/2026/10/04/shopee-20261004-005.html
shopee|2026-10-04|006,shopee,2026-10-04T04:33:20.044765-03:00,Mesa posta elegante: Jogo de Tacas Diamond para renovar um cantinho,"Uma ideia de mesa posta elegante com Jogo de Tacas Diamond para renovar um cantinho. Observe o tamanho, o acabamento e como o produto se encaixa no seu espaço antes de escolher. Esta publicação pode conter link de afiliado; confira os detalhes na página da oferta.","https://res.cloudinary.com/xrakiohl/image/upload/c_pad,w_1000,h_1500,b_auto,q_auto:eco/v1783143824/pinterest/shopee-achados/PhotoGrid_Site_1759540799002-a05b6925c77f.jpg",https://luscaarmstrong1.github.io/conteudo-afiliados-pages/achadinhos-conteudo/go/2026/10/04/shopee-20261004-006.html
shopee|2026-10-04|007,shopee,2026-10-04T04:33:21.044765-03:00,Geladeira organizada: Kit Marmitas com Travas para ganhar tempo no dia a dia,"Uma ideia de geladeira organizada com Kit Marmitas com Travas para ganhar tempo no dia a dia. Observe o tamanho, o acabamento e como o produto se encaixa no seu espaço antes de escolher. Esta publicação pode conter link de afiliado; confira os detalhes na página da oferta.","https://res.cloudinary.com/xrakiohl/image/upload/c_pad,w_1000,h_1500,b_auto,q_auto:eco/v1783143817/pinterest/shopee-achados/PhotoGrid_Site_1759540178214-e0c27b3b8fdc.jpg",https://luscaarmstrong1.github.io/conteudo-afiliados-pages/achadinhos-conteudo/go/2026/10/04/shopee-20261004-007.html
shopee|2026-10-04|008,shopee,2026-10-04T04:33:22.044765-03:00,Gaveta organizada: Organizador de Gavetas de Cozinha para montar um espaço funcional,"Uma ideia de gaveta organizada com Organizador de Gavetas de Cozinha para montar um espaço funcional. Observe o tamanho, o acabamento e como o produto se encaixa no seu espaço antes de escolher. Esta publicação pode conter link de afiliado; confira os detalhes na página da oferta.","https://res.cloudinary.com/xrakiohl/image/upload/c_pad,w_1000,h_1500,b_auto,q_auto:eco/v1783143815/pinterest/shopee-achados/PhotoGrid_Site_1759539806558-72400313a8b5.jpg",https://luscaarmstrong1.github.io/conteudo-afiliados-pages/achadinhos-conteudo/go/2026/10/04/shopee-20261004-008.html
shopee|2026-10-04|009,shopee,2026-10-04T04:33:23.044765-03:00,Banheiro organizado: Prateleira Adesiva para Banheiro para resolver um problema comum,"Uma ideia de banheiro organizado com Prateleira Adesiva para Banheiro para resolver um problema comum. Observe o tamanho, o acabamento e como o produto se encaixa no seu espaço antes de escolher. Esta publicação pode conter link de afiliado; confira os detalhes na página da oferta.","https://res.cloudinary.com/xrakiohl/image/upload/c_pad,w_1000,h_1500,b_auto,q_auto:eco/v1783143798/pinterest/shopee-achados/PhotoGrid_Site_1759538212444-34d96cf9c9c2.jpg",https://luscaarmstrong1.github.io/conteudo-afiliados-pages/achadinhos-conteudo/go/2026/10/04/shopee-20261004-009.html
shopee|2026-10-04|010,shopee,2026-10-04T04:33:24.044765-03:00,Geladeira organizada: Porta Ovos Rolante para melhorar a organização,"Uma ideia de geladeira organizada com Porta Ovos Rolante para melhorar a organização. Observe o tamanho, o acabamento e como o produto se encaixa no seu espaço antes de escolher. Esta publicação pode conter link de afiliado; confira os detalhes na página da oferta.","https://res.cloudinary.com/xrakiohl/image/upload/c_pad,w_1000,h_1500,b_auto,q_auto:eco/v1783143816/pinterest/shopee-achados/PhotoGrid_Site_1759540103788-46088cf60d68.jpg",https://luscaarmstrong1.github.io/conteudo-afiliados-pages/achadinhos-conteudo/go/2026/10/04/shopee-20261004-010.html
hotmart|2026-10-04|001,hotmart,2026-10-04T04:33:15.044765-03:00,Anatomia para desenho: como praticar formas básicas com Curso Desenhe Agora - Do Zero 102%,"Use esta referência de anatomia para desenho para praticar formas básicas em uma prática de desenho. Comece pelas formas simples, compare as proporções e revise os traços aos poucos. O curso Curso Desenhe Agora - Do Zero 102% pode ajudar a organizar os estudos; o link da página é de afiliado.","https://res.cloudinary.com/xrakiohl/image/upload/c_pad,w_1000,h_1500,b_auto,q_auto:eco/v1783143466/pinterest/hotmart-manga/PhotoGrid_Site_1648276372260_compress19-8a4b3cc9e9b5.jpg",https://luscaarmstrong1.github.io/conteudo-afiliados-pages/desenho-manga-conteudo/go/2026/10/04/hotmart-20261004-001.html
hotmart|2026-10-04|002,hotmart,2026-10-04T04:33:16.044765-03:00,Lineart e acabamento: como observar proporções com Desenhando sem Dom,"Use esta referência de lineart e acabamento para observar proporções em uma prática de desenho. Comece pelas formas simples, compare as proporções e revise os traços aos poucos. O curso Desenhando sem Dom pode ajudar a organizar os estudos; o link da página é de afiliado.","https://res.cloudinary.com/xrakiohl/image/upload/c_pad,w_1000,h_1500,b_auto,q_auto:eco/v1783143385/pinterest/hotmart-manga/PhotoGrid_1556228682486%7E01-e5978455e9c0.jpg",https://luscaarmstrong1.github.io/conteudo-afiliados-pages/desenho-manga-conteudo/go/2026/10/04/hotmart-20261004-002.html
hotmart|2026-10-04|003,hotmart,2026-10-04T04:33:17.044765-03:00,Luz e sombra no desenho: como experimentar novos traços com Curso Desenhe Agora - Do Zero 102%,"Use esta referência de luz e sombra no desenho para experimentar novos traços em uma prática de desenho. Comece pelas formas simples, compare as proporções e revise os traços aos poucos. O curso Curso Desenhe Agora - Do Zero 102% pode ajudar a organizar os estudos; o link da página é de afiliado.","https://res.cloudinary.com/xrakiohl/image/upload/c_pad,w_1000,h_1500,b_auto,q_auto:eco/v1783143375/pinterest/hotmart-manga/PhotoGrid_1551510137812%7E01-a1a5c81b8a13.jpg",https://luscaarmstrong1.github.io/conteudo-afiliados-pages/desenho-manga-conteudo/go/2026/10/04/hotmart-20261004-003.html
hotmart|2026-10-04|004,hotmart,2026-10-04T04:33:18.044765-03:00,Desenho de personagem manga: como desenvolver um personagem com Desenhando sem Dom,"Use esta referência de desenho de personagem manga para desenvolver um personagem em uma prática de desenho. Comece pelas formas simples, compare as proporções e revise os traços aos poucos. O curso Desenhando sem Dom pode ajudar a organizar os estudos; o link da página é de afiliado.","https://res.cloudinary.com/xrakiohl/image/upload/c_pad,w_1000,h_1500,b_auto,q_auto:eco/v1783143547/pinterest/hotmart-manga/underrated-v0-n9tr0dnxvgff1-ef7c1b2dbddd.jpg",https://luscaarmstrong1.github.io/conteudo-afiliados-pages/desenho-manga-conteudo/go/2026/10/04/hotmart-20261004-004.html
hotmart|2026-10-04|005,hotmart,2026-10-04T04:33:19.044765-03:00,Lineart e acabamento: como revisar os fundamentos com Curso Desenhe Agora - Do Zero 102%,"Use esta referência de lineart e acabamento para revisar os fundamentos em uma prática de desenho. Comece pelas formas simples, compare as proporções e revise os traços aos poucos. O curso Curso Desenhe Agora - Do Zero 102% pode ajudar a organizar os estudos; o link da página é de afiliado.","https://res.cloudinary.com/xrakiohl/image/upload/c_pad,w_1000,h_1500,b_auto,q_auto:eco/v1783143401/pinterest/hotmart-manga/PhotoGrid_1567475463031-804429438f57.jpg",https://luscaarmstrong1.github.io/conteudo-afiliados-pages/desenho-manga-conteudo/go/2026/10/04/hotmart-20261004-005.html
hotmart|2026-10-04|006,hotmart,2026-10-04T04:33:20.044765-03:00,Composição de cena manga: como estudar luz e sombra com Desenhando sem Dom,"Use esta referência de composição de cena manga para estudar luz e sombra em uma prática de desenho. Comece pelas formas simples, compare as proporções e revise os traços aos poucos. O curso Desenhando sem Dom pode ajudar a organizar os estudos; o link da página é de afiliado.","https://res.cloudinary.com/xrakiohl/image/upload/c_pad,w_1000,h_1500,b_auto,q_auto:eco/v1783143375/pinterest/hotmart-manga/PhotoGrid_1551869128848%7E01-8ce185affb82.jpg",https://luscaarmstrong1.github.io/conteudo-afiliados-pages/desenho-manga-conteudo/go/2026/10/04/hotmart-20261004-006.html
hotmart|2026-10-04|007,hotmart,2026-10-04T04:33:21.044765-03:00,Poses dinâmicas de personagem: como melhorar a composição com Curso Desenhe Agora - Do Zero 102,"Use esta referência de poses dinâmicas de personagem para melhorar a composição em uma prática de desenho. Comece pelas formas simples, compare as proporções e revise os traços aos poucos. O curso Curso Desenhe Agora - Do Zero 102% pode ajudar a organizar os estudos; o link da página é de afiliado.","https://res.cloudinary.com/xrakiohl/image/upload/c_pad,w_1000,h_1500,b_auto,q_auto:eco/v1783143335/pinterest/hotmart-manga/nakabas-art-appreciate-post-v0-2uu6gztikqvb1-e23bb99fdc37.png",https://luscaarmstrong1.github.io/conteudo-afiliados-pages/desenho-manga-conteudo/go/2026/10/04/hotmart-20261004-007.html
hotmart|2026-10-04|008,hotmart,2026-10-04T04:33:22.044765-03:00,Composição de cena manga: como praticar com referência com Desenhando sem Dom,"Use esta referência de composição de cena manga para praticar com referência em uma prática de desenho. Comece pelas formas simples, compare as proporções e revise os traços aos poucos. O curso Desenhando sem Dom pode ajudar a organizar os estudos; o link da página é de afiliado.","https://res.cloudinary.com/xrakiohl/image/upload/c_pad,w_1000,h_1500,b_auto,q_auto:eco/v1783143414/pinterest/hotmart-manga/PhotoGrid_1581300729936-00ce9ab304cb.jpg",https://luscaarmstrong1.github.io/conteudo-afiliados-pages/desenho-manga-conteudo/go/2026/10/04/hotmart-20261004-008.html
hotmart|2026-10-04|009,hotmart,2026-10-04T04:33:23.044765-03:00,Criação de personagem: como registrar a evolução com Curso Desenhe Agora - Do Zero 102%,"Use esta referência de criação de personagem para registrar a evolução em uma prática de desenho. Comece pelas formas simples, compare as proporções e revise os traços aos poucos. O curso Curso Desenhe Agora - Do Zero 102% pode ajudar a organizar os estudos; o link da página é de afiliado.","https://res.cloudinary.com/xrakiohl/image/upload/c_pad,w_1000,h_1500,b_auto,q_auto:eco/v1783143569/pinterest/hotmart-manga/yry1zc639k561-c3979979da9e.png",https://luscaarmstrong1.github.io/conteudo-afiliados-pages/desenho-manga-conteudo/go/2026/10/04/hotmart-20261004-009.html
hotmart|2026-10-04|010,hotmart,2026-10-04T04:33:24.044765-03:00,Luz e sombra no desenho: como testar outra técnica com Desenhando sem Dom,"Use esta referência de luz e sombra no desenho para testar outra técnica em uma prática de desenho. Comece pelas formas simples, compare as proporções e revise os traços aos poucos. O curso Desenhando sem Dom pode ajudar a organizar os estudos; o link da página é de afiliado.","https://res.cloudinary.com/xrakiohl/image/upload/c_pad,w_1000,h_1500,b_auto,q_auto:eco/v1783143564/pinterest/hotmart-manga/xubnxhr5bcv81-b8bebf6b7048.png",https://luscaarmstrong1.github.io/conteudo-afiliados-pages/desenho-manga-conteudo/go/2026/10/04/hotmart-20261004-010.html
shopee|2026-10-05|001,shopee,2026-10-05T04:53:03.815760-03:00,Mesa organizada: Suporte de Carregamento de Parede para resolver um problema comum,"Uma ideia de mesa organizada com Suporte de Carregamento de Parede para resolver um problema comum. Observe o tamanho, o acabamento e como o produto se encaixa no seu espaço antes de escolher. Esta publicação pode conter link de afiliado; confira os detalhes na página da oferta.","https://res.cloudinary.com/xrakiohl/image/upload/c_pad,w_1000,h_1500,b_auto,q_auto:eco/v1783143823/pinterest/shopee-achados/PhotoGrid_Site_1759540605141-c3e3e826d21f.jpg",https://luscaarmstrong1.github.io/conteudo-afiliados-pages/achadinhos-conteudo/go/2026/10/05/shopee-20261005-001.html
shopee|2026-10-05|002,shopee,2026-10-05T04:53:04.815760-03:00,Maquiagem organizada: Kit Necessaire Transparente para melhorar a organização,"Uma ideia de maquiagem organizada com Kit Necessaire Transparente para melhorar a organização. Observe o tamanho, o acabamento e como o produto se encaixa no seu espaço antes de escolher. Esta publicação pode conter link de afiliado; confira os detalhes na página da oferta.","https://res.cloudinary.com/xrakiohl/image/upload/c_pad,w_1000,h_1500,b_auto,q_auto:eco/v1783143819/pinterest/shopee-achados/PhotoGrid_Site_1759540322240-9ed8f002da33.jpg",https://luscaarmstrong1.github.io/conteudo-afiliados-pages/achadinhos-conteudo/go/2026/10/05/shopee-20261005-002.html
shopee|2026-10-05|003,shopee,2026-10-05T04:53:05.815760-03:00,Cozinha organizada: Dispenser de Detergente e Bucha para facilitar o uso diário,"Uma ideia de cozinha organizada com Dispenser de Detergente e Bucha para facilitar o uso diário. Observe o tamanho, o acabamento e como o produto se encaixa no seu espaço antes de escolher. Esta publicação pode conter link de afiliado; confira os detalhes na página da oferta.","https://res.cloudinary.com/xrakiohl/image/upload/c_pad,w_1000,h_1500,b_auto,q_auto:eco/v1783143811/pinterest/shopee-achados/PhotoGrid_Site_1759539506736-4e8db2731d80.jpg",https://luscaarmstrong1.github.io/conteudo-afiliados-pages/achadinhos-conteudo/go/2026/10/05/shopee-20261005-003.html
shopee|2026-10-05|004,shopee,2026-10-05T04:53:06.815760-03:00,Pia organizada: Dispenser Luxo para Detergente para organizar melhor a rotina,"Uma ideia de pia organizada com Dispenser Luxo para Detergente para organizar melhor a rotina. Observe o tamanho, o acabamento e como o produto se encaixa no seu espaço antes de escolher. Esta publicação pode conter link de afiliado; confira os detalhes na página da oferta.","https://res.cloudinary.com/xrakiohl/image/upload/c_pad,w_1000,h_1500,b_auto,q_auto:eco/v1783143828/pinterest/shopee-achados/PhotoGrid_Site_1759541102911-2979d6ca756d.jpg",https://luscaarmstrong1.github.io/conteudo-afiliados-pages/achadinhos-conteudo/go/2026/10/05/shopee-20261005-004.html
shopee|2026-10-05|005,shopee,2026-10-05T04:53:07.815760-03:00,Mesa posta elegante: Jogo de Tacas Diamond para aproveitar melhor o espaço,"Uma ideia de mesa posta elegante com Jogo de Tacas Diamond para aproveitar melhor o espaço. Observe o tamanho, o acabamento e como o produto se encaixa no seu espaço antes de escolher. Esta publicação pode conter link de afiliado; confira os detalhes na página da oferta.","https://res.cloudinary.com/xrakiohl/image/upload/c_pad,w_1000,h_1500,b_auto,q_auto:eco/v1783143824/pinterest/shopee-achados/PhotoGrid_Site_1759540799002-a05b6925c77f.jpg",https://luscaarmstrong1.github.io/conteudo-afiliados-pages/achadinhos-conteudo/go/2026/10/05/shopee-20261005-005.html
shopee|2026-10-05|006,shopee,2026-10-05T04:53:08.815760-03:00,Geladeira organizada: Kit Marmitas com Travas para simplificar uma tarefa,"Uma ideia de geladeira organizada com Kit Marmitas com Travas para simplificar uma tarefa. Observe o tamanho, o acabamento e como o produto se encaixa no seu espaço antes de escolher. Esta publicação pode conter link de afiliado; confira os detalhes na página da oferta.","https://res.cloudinary.com/xrakiohl/image/upload/c_pad,w_1000,h_1500,b_auto,q_auto:eco/v1783143815/pinterest/shopee-achados/PhotoGrid_Site_1759539911536-9846f0cfb254.jpg",https://luscaarmstrong1.github.io/conteudo-afiliados-pages/achadinhos-conteudo/go/2026/10/05/shopee-20261005-006.html
shopee|2026-10-05|007,shopee,2026-10-05T04:53:09.815760-03:00,Cozinha organizada: Organizador de Gavetas de Cozinha para cuidar dos detalhes,"Uma ideia de cozinha organizada com Organizador de Gavetas de Cozinha para cuidar dos detalhes. Observe o tamanho, o acabamento e como o produto se encaixa no seu espaço antes de escolher. Esta publicação pode conter link de afiliado; confira os detalhes na página da oferta.","https://res.cloudinary.com/xrakiohl/image/upload/c_pad,w_1000,h_1500,b_auto,q_auto:eco/v1783143812/pinterest/shopee-achados/PhotoGrid_Site_1759539568780-8f6fd1b8be4d.jpg",https://luscaarmstrong1.github.io/conteudo-afiliados-pages/achadinhos-conteudo/go/2026/10/05/shopee-20261005-007.html
shopee|2026-10-05|008,shopee,2026-10-05T04:53:10.815760-03:00,Banheiro organizado: Prateleira Adesiva para Banheiro para deixar o dia mais prático,"Uma ideia de banheiro organizado com Prateleira Adesiva para Banheiro para deixar o dia mais prático. Observe o tamanho, o acabamento e como o produto se encaixa no seu espaço antes de escolher. Esta publicação pode conter link de afiliado; confira os detalhes na página da oferta.","https://res.cloudinary.com/xrakiohl/image/upload/c_pad,w_1000,h_1500,b_auto,q_auto:eco/v1783143799/pinterest/shopee-achados/PhotoGrid_Site_1759538355541-a2e1cc34b750.jpg",https://luscaarmstrong1.github.io/conteudo-afiliados-pages/achadinhos-conteudo/go/2026/10/05/shopee-20261005-008.html
shopee|2026-10-05|009,shopee,2026-10-05T04:53:11.815760-03:00,Geladeira organizada: Porta Ovos Rolante para comparar opções com calma,"Uma ideia de geladeira organizada com Porta Ovos Rolante para comparar opções com calma. Observe o tamanho, o acabamento e como o produto se encaixa no seu espaço antes de escolher. Esta publicação pode conter link de afiliado; confira os detalhes na página da oferta.","https://res.cloudinary.com/xrakiohl/image/upload/c_pad,w_1000,h_1500,b_auto,q_auto:eco/v1783143816/pinterest/shopee-achados/PhotoGrid_Site_1759540103788-46088cf60d68.jpg",https://luscaarmstrong1.github.io/conteudo-afiliados-pages/achadinhos-conteudo/go/2026/10/05/shopee-20261005-009.html
shopee|2026-10-05|010,shopee,2026-10-05T04:53:12.815760-03:00,Gaveta organizada: Jogo de Talheres com Gaveteiro para renovar um cantinho,"Uma ideia de gaveta organizada com Jogo de Talheres com Gaveteiro para renovar um cantinho. Observe o tamanho, o acabamento e como o produto se encaixa no seu espaço antes de escolher. Esta publicação pode conter link de afiliado; confira os detalhes na página da oferta.","https://res.cloudinary.com/xrakiohl/image/upload/c_pad,w_1000,h_1500,b_auto,q_auto:eco/v1783143813/pinterest/shopee-achados/PhotoGrid_Site_1759539632032-5c50795f2a74.jpg",https://luscaarmstrong1.github.io/conteudo-afiliados-pages/achadinhos-conteudo/go/2026/10/05/shopee-20261005-010.html
hotmart|2026-10-05|001,hotmart,2026-10-05T04:53:03.815760-03:00,Anatomia para desenho: como registrar a evolução com Desenhando sem Dom,"Use esta referência de anatomia para desenho para registrar a evolução em uma prática de desenho. Comece pelas formas simples, compare as proporções e revise os traços aos poucos. O curso Desenhando sem Dom pode ajudar a organizar os estudos; o link da página é de afiliado.","https://res.cloudinary.com/xrakiohl/image/upload/c_pad,w_1000,h_1500,b_auto,q_auto:eco/v1783143349/pinterest/hotmart-manga/oqkring-grimmerfinale-be8323249376.jpg",https://luscaarmstrong1.github.io/conteudo-afiliados-pages/desenho-manga-conteudo/go/2026/10/05/hotmart-20261005-001.html
hotmart|2026-10-05|002,hotmart,2026-10-05T04:53:04.815760-03:00,Perspectiva para desenho: como testar outra técnica com Curso Desenhe Agora - Do Zero 102%,"Use esta referência de perspectiva para desenho para testar outra técnica em uma prática de desenho. Comece pelas formas simples, compare as proporções e revise os traços aos poucos. O curso Curso Desenhe Agora - Do Zero 102% pode ajudar a organizar os estudos; o link da página é de afiliado.","https://res.cloudinary.com/xrakiohl/image/upload/c_pad,w_1000,h_1500,b_auto,q_auto:eco/v1783143354/pinterest/hotmart-manga/p0109-4d7ad25885bc.jpg",https://luscaarmstrong1.github.io/conteudo-afiliados-pages/desenho-manga-conteudo/go/2026/10/05/hotmart-20261005-002.html
hotmart|2026-10-05|003,hotmart,2026-10-05T04:53:05.815760-03:00,Desenho de personagem manga: como desenhar com mais intenção com Desenhando sem Dom,"Use esta referência de desenho de personagem manga para desenhar com mais intenção em uma prática de desenho. Comece pelas formas simples, compare as proporções e revise os traços aos poucos. O curso Desenhando sem Dom pode ajudar a organizar os estudos; o link da página é de afiliado.","https://res.cloudinary.com/xrakiohl/image/upload/c_pad,w_1000,h_1500,b_auto,q_auto:eco/v1783143372/pinterest/hotmart-manga/PhotoGrid_1550364932141%7E01-ec1f1a65c9bf.jpg",https://luscaarmstrong1.github.io/conteudo-afiliados-pages/desenho-manga-conteudo/go/2026/10/05/hotmart-20261005-003.html
hotmart|2026-10-05|004,hotmart,2026-10-05T04:53:06.815760-03:00,Lineart e acabamento: como treinar o olhar com Curso Desenhe Agora - Do Zero 102%,"Use esta referência de lineart e acabamento para treinar o olhar em uma prática de desenho. Comece pelas formas simples, compare as proporções e revise os traços aos poucos. O curso Curso Desenhe Agora - Do Zero 102% pode ajudar a organizar os estudos; o link da página é de afiliado.","https://res.cloudinary.com/xrakiohl/image/upload/c_pad,w_1000,h_1500,b_auto,q_auto:eco/v1783143521/pinterest/hotmart-manga/Takopi_s_Ori-1.0-38_2025-07-02_1632-87837ab4980b.jpg",https://luscaarmstrong1.github.io/conteudo-afiliados-pages/desenho-manga-conteudo/go/2026/10/05/hotmart-20261005-004.html
hotmart|2026-10-05|005,hotmart,2026-10-05T04:53:07.815760-03:00,Composição de cena manga: como praticar formas básicas com Desenhando sem Dom,"Use esta referência de composição de cena manga para praticar formas básicas em uma prática de desenho. Comece pelas formas simples, compare as proporções e revise os traços aos poucos. O curso Desenhando sem Dom pode ajudar a organizar os estudos; o link da página é de afiliado.","https://res.cloudinary.com/xrakiohl/image/upload/c_pad,w_1000,h_1500,b_auto,q_auto:eco/v1783143505/pinterest/hotmart-manga/Screenshot_20180909-194434%7E01-7e4c700a8025.png",https://luscaarmstrong1.github.io/conteudo-afiliados-pages/desenho-manga-conteudo/go/2026/10/05/hotmart-20261005-005.html
hotmart|2026-10-05|006,hotmart,2026-10-05T04:53:08.815760-03:00,Anatomia para desenho: como observar proporções com Curso Desenhe Agora - Do Zero 102%,"Use esta referência de anatomia para desenho para observar proporções em uma prática de desenho. Comece pelas formas simples, compare as proporções e revise os traços aos poucos. O curso Curso Desenhe Agora - Do Zero 102% pode ajudar a organizar os estudos; o link da página é de afiliado.","https://res.cloudinary.com/xrakiohl/image/upload/c_pad,w_1000,h_1500,b_auto,q_auto:eco/v1783143366/pinterest/hotmart-manga/PhotoGrid_1548529134676%7E01-801943f51d9d.jpg",https://luscaarmstrong1.github.io/conteudo-afiliados-pages/desenho-manga-conteudo/go/2026/10/05/hotmart-20261005-006.html
hotmart|2026-10-05|007,hotmart,2026-10-05T04:53:09.815760-03:00,Lineart e acabamento: como experimentar novos traços com Desenhando sem Dom,"Use esta referência de lineart e acabamento para experimentar novos traços em uma prática de desenho. Comece pelas formas simples, compare as proporções e revise os traços aos poucos. O curso Desenhando sem Dom pode ajudar a organizar os estudos; o link da página é de afiliado.","https://res.cloudinary.com/xrakiohl/image/upload/c_pad,w_1000,h_1500,b_auto,q_auto:eco/v1783143331/pinterest/hotmart-manga/n%201_32-2ce4cb635fc0.jpg",https://luscaarmstrong1.github.io/conteudo-afiliados-pages/desenho-manga-conteudo/go/2026/10/05/hotmart-20261005-007.html
hotmart|2026-10-05|008,hotmart,2026-10-05T04:53:10.815760-03:00,Composição de cena manga: como desenvolver um personagem com Curso Desenhe Agora - Do Zero 102%,"Use esta referência de composição de cena manga para desenvolver um personagem em uma prática de desenho. Comece pelas formas simples, compare as proporções e revise os traços aos poucos. O curso Curso Desenhe Agora - Do Zero 102% pode ajudar a organizar os estudos; o link da página é de afiliado.","https://res.cloudinary.com/xrakiohl/image/upload/c_pad,w_1000,h_1500,b_auto,q_auto:eco/v1783143477/pinterest/hotmart-manga/PhotoGrid_Site_1759098399051-3acabadab80d.jpg",https://luscaarmstrong1.github.io/conteudo-afiliados-pages/desenho-manga-conteudo/go/2026/10/05/hotmart-20261005-008.html
hotmart|2026-10-05|009,hotmart,2026-10-05T04:53:11.815760-03:00,Desenho de personagem manga: como revisar os fundamentos com Desenhando sem Dom,"Use esta referência de desenho de personagem manga para revisar os fundamentos em uma prática de desenho. Comece pelas formas simples, compare as proporções e revise os traços aos poucos. O curso Desenhando sem Dom pode ajudar a organizar os estudos; o link da página é de afiliado.","https://res.cloudinary.com/xrakiohl/image/upload/c_pad,w_1000,h_1500,b_auto,q_auto:eco/v1783143286/pinterest/hotmart-manga/image019%7E01-ee944ac79c26.jpg",https://luscaarmstrong1.github.io/conteudo-afiliados-pages/desenho-manga-conteudo/go/2026/10/05/hotmart-20261005-009.html
hotmart|2026-10-05|010,hotmart,2026-10-05T04:53:12.815760-03:00,Criação de personagem: como estudar luz e sombra com Curso Desenhe Agora - Do Zero 102%,"Use esta referência de criação de personagem para estudar luz e sombra em uma prática de desenho. Comece pelas formas simples, compare as proporções e revise os traços aos poucos. O curso Curso Desenhe Agora - Do Zero 102% pode ajudar a organizar os estudos; o link da página é de afiliado.","https://res.cloudinary.com/xrakiohl/image/upload/c_pad,w_1000,h_1500,b_auto,q_auto:eco/v1783143434/pinterest/hotmart-manga/PhotoGrid_Plus_1609098225279-b5f849ff658e.jpg",https://luscaarmstrong1.github.io/conteudo-afiliados-pages/desenho-manga-conteudo/go/2026/10/05/hotmart-20261005-010.html
