daily_key,automation,date,guid,post_path,go_path,affiliate_url,image_url
shopee|2026-09-30|001,shopee,2026-09-30,https://luscaarmstrong1.github.io/conteudo-afiliados-pages/achadinhos-conteudo/go/2026/09/30/shopee-20260930-001.html,achadinhos-conteudo/posts/2026/09/30/shopee-20260930-001.html,achadinhos-conteudo/go/2026/09/30/shopee-20260930-001.html,https://s.shopee.com.br/AKXy4T7wpq,"https://res.cloudinary.com/xrakiohl/image/upload/c_pad,w_1000,h_1500,b_auto,q_auto:eco/v1783143833/pinterest/shopee-achados/PhotoGrid_Site_1759542210684-ccbf4af176eb.jpg"
shopee|2026-09-30|002,shopee,2026-09-30,https://luscaarmstrong1.github.io/conteudo-afiliados-pages/achadinhos-conteudo/go/2026/09/30/shopee-20260930-002.html,achadinhos-conteudo/posts/2026/09/30/shopee-20260930-002.html,achadinhos-conteudo/go/2026/09/30/shopee-20260930-002.html,https://s.shopee.com.br/2LVgXo6396,"https://res.cloudinary.com/xrakiohl/image/upload/c_pad,w_1000,h_1500,b_auto,q_auto:eco/v1783143795/pinterest/shopee-achados/PhotoGrid_Site_1759538058219-3490b3a4bbb8.jpg"
shopee|2026-09-30|003,shopee,2026-09-30,https://luscaarmstrong1.github.io/conteudo-afiliados-pages/achadinhos-conteudo/go/2026/09/30/shopee-20260930-003.html,achadinhos-conteudo/posts/2026/09/30/shopee-20260930-003.html,achadinhos-conteudo/go/2026/09/30/shopee-20260930-003.html,https://s.shopee.com.br/2g8WwTCzGC,"https://res.cloudinary.com/xrakiohl/image/upload/c_pad,w_1000,h_1500,b_auto,q_auto:eco/v1783143832/pinterest/shopee-achados/PhotoGrid_Site_1759541949313-519f21aa4f98.jpg"
shopee|2026-09-30|004,shopee,2026-09-30,https://luscaarmstrong1.github.io/conteudo-afiliados-pages/achadinhos-conteudo/go/2026/09/30/shopee-20260930-004.html,achadinhos-conteudo/posts/2026/09/30/shopee-20260930-004.html,achadinhos-conteudo/go/2026/09/30/shopee-20260930-004.html,https://s.shopee.com.br/1qZPwzEfmR,"https://res.cloudinary.com/xrakiohl/image/upload/c_pad,w_1000,h_1500,b_auto,q_auto:eco/v1783143821/pinterest/shopee-achados/PhotoGrid_Site_1759540436626-bd50d881d869.jpg"
shopee|2026-09-30|005,shopee,2026-09-30,https://luscaarmstrong1.github.io/conteudo-afiliados-pages/achadinhos-conteudo/go/2026/09/30/shopee-20260930-005.html,achadinhos-conteudo/posts/2026/09/30/shopee-20260930-005.html,achadinhos-conteudo/go/2026/09/30/shopee-20260930-005.html,https://s.shopee.com.br/8fPk5c9B9u,"https://res.cloudinary.com/xrakiohl/image/upload/c_pad,w_1000,h_1500,b_auto,q_auto:eco/v1783143806/pinterest/shopee-achados/PhotoGrid_Site_1759538978298-1915816d2aa8.jpg"
shopee|2026-09-30|006,shopee,2026-09-30,https://luscaarmstrong1.github.io/conteudo-afiliados-pages/achadinhos-conteudo/go/2026/09/30/shopee-20260930-006.html,achadinhos-conteudo/posts/2026/09/30/shopee-20260930-006.html,achadinhos-conteudo/go/2026/09/30/shopee-20260930-006.html,https://s.shopee.com.br/AKXy4dm2je,"https://res.cloudinary.com/xrakiohl/image/upload/c_pad,w_1000,h_1500,b_auto,q_auto:eco/v1783143822/pinterest/shopee-achados/PhotoGrid_Site_1759540543137-64c858839ec6.jpg"
shopee|2026-09-30|007,shopee,2026-09-30,https://luscaarmstrong1.github.io/conteudo-afiliados-pages/achadinhos-conteudo/go/2026/09/30/shopee-20260930-007.html,achadinhos-conteudo/posts/2026/09/30/shopee-20260930-007.html,achadinhos-conteudo/go/2026/09/30/shopee-20260930-007.html,https://s.shopee.com.br/2g8WweKVQn,"https://res.cloudinary.com/xrakiohl/image/upload/c_pad,w_1000,h_1500,b_auto,q_auto:eco/v1783143819/pinterest/shopee-achados/PhotoGrid_Site_1759540322240-9ed8f002da33.jpg"
shopee|2026-09-30|008,shopee,2026-09-30,https://luscaarmstrong1.github.io/conteudo-afiliados-pages/achadinhos-conteudo/go/2026/09/30/shopee-20260930-008.html,achadinhos-conteudo/posts/2026/09/30/shopee-20260930-008.html,achadinhos-conteudo/go/2026/09/30/shopee-20260930-008.html,https://s.shopee.com.br/2qRx90SQ9w,"https://res.cloudinary.com/xrakiohl/image/upload/c_pad,w_1000,h_1500,b_auto,q_auto:eco/v1783143809/pinterest/shopee-achados/PhotoGrid_Site_1759539432984-9a856c7f184d.jpg"
shopee|2026-09-30|009,shopee,2026-09-30,https://luscaarmstrong1.github.io/conteudo-afiliados-pages/achadinhos-conteudo/go/2026/09/30/shopee-20260930-009.html,achadinhos-conteudo/posts/2026/09/30/shopee-20260930-009.html,achadinhos-conteudo/go/2026/09/30/shopee-20260930-009.html,https://s.shopee.com.br/6L1pJTMkFQ,"https://res.cloudinary.com/xrakiohl/image/upload/c_pad,w_1000,h_1500,b_auto,q_auto:eco/v1783143811/pinterest/shopee-achados/PhotoGrid_Site_1759539506736-4e8db2731d80.jpg"
shopee|2026-09-30|010,shopee,2026-09-30,https://luscaarmstrong1.github.io/conteudo-afiliados-pages/achadinhos-conteudo/go/2026/09/30/shopee-20260930-010.html,achadinhos-conteudo/posts/2026/09/30/shopee-20260930-010.html,achadinhos-conteudo/go/2026/09/30/shopee-20260930-010.html,https://s.shopee.com.br/70HW6k6HDh,"https://res.cloudinary.com/xrakiohl/image/upload/c_pad,w_1000,h_1500,b_auto,q_auto:eco/v1783143823/pinterest/shopee-achados/PhotoGrid_Site_1759540742975-6ae386381e9d.jpg"
hotmart|2026-09-30|001,hotmart,2026-09-30,https://luscaarmstrong1.github.io/conteudo-afiliados-pages/desenho-manga-conteudo/go/2026/09/30/hotmart-20260930-001.html,desenho-manga-conteudo/posts/2026/09/30/hotmart-20260930-001.html,desenho-manga-conteudo/go/2026/09/30/hotmart-20260930-001.html,https://go.hotmart.com/J106144309C,"https://res.cloudinary.com/xrakiohl/image/upload/c_pad,w_1000,h_1500,b_auto,q_auto:eco/v1783142508/pinterest/hotmart-manga/1_42-7b93cad82fd3.jpg"
hotmart|2026-09-30|002,hotmart,2026-09-30,https://luscaarmstrong1.github.io/conteudo-afiliados-pages/desenho-manga-conteudo/go/2026/09/30/hotmart-20260930-002.html,desenho-manga-conteudo/posts/2026/09/30/hotmart-20260930-002.html,desenho-manga-conteudo/go/2026/09/30/hotmart-20260930-002.html,https://go.hotmart.com/P106144209X,"https://res.cloudinary.com/xrakiohl/image/upload/c_pad,w_1000,h_1500,b_auto,q_auto:eco/v1783143400/pinterest/hotmart-manga/PhotoGrid_1565106698644-86b7d51e3592.jpg"
hotmart|2026-09-30|003,hotmart,2026-09-30,https://luscaarmstrong1.github.io/conteudo-afiliados-pages/desenho-manga-conteudo/go/2026/09/30/hotmart-20260930-003.html,desenho-manga-conteudo/posts/2026/09/30/hotmart-20260930-003.html,desenho-manga-conteudo/go/2026/09/30/hotmart-20260930-003.html,https://go.hotmart.com/J106144309C,"https://res.cloudinary.com/xrakiohl/image/upload/c_pad,w_1000,h_1500,b_auto,q_auto:eco/v1783143195/pinterest/hotmart-manga/FTiTttgXsAYSNU4-5c22b358ea3d.jpg"
hotmart|2026-09-30|004,hotmart,2026-09-30,https://luscaarmstrong1.github.io/conteudo-afiliados-pages/desenho-manga-conteudo/go/2026/09/30/hotmart-20260930-004.html,desenho-manga-conteudo/posts/2026/09/30/hotmart-20260930-004.html,desenho-manga-conteudo/go/2026/09/30/hotmart-20260930-004.html,https://go.hotmart.com/P106144209X,"https://res.cloudinary.com/xrakiohl/image/upload/c_pad,w_1000,h_1500,b_auto,q_auto:eco/v1783142944/pinterest/hotmart-manga/c66ec95d6d3ffc10dc2840f6e0da702d-01f60b53db21.jpg"
hotmart|2026-09-30|005,hotmart,2026-09-30,https://luscaarmstrong1.github.io/conteudo-afiliados-pages/desenho-manga-conteudo/go/2026/09/30/hotmart-20260930-005.html,desenho-manga-conteudo/posts/2026/09/30/hotmart-20260930-005.html,desenho-manga-conteudo/go/2026/09/30/hotmart-20260930-005.html,https://go.hotmart.com/J106144309C,"https://res.cloudinary.com/xrakiohl/image/upload/c_pad,w_1000,h_1500,b_auto,q_auto:eco/v1783143184/pinterest/hotmart-manga/finished-the-manga-today-heres-a-few-of-my-favourite-panels-v0-t3c88ioarlz91-ec9df199cb8b.jpg"
hotmart|2026-09-30|006,hotmart,2026-09-30,https://luscaarmstrong1.github.io/conteudo-afiliados-pages/desenho-manga-conteudo/go/2026/09/30/hotmart-20260930-006.html,desenho-manga-conteudo/posts/2026/09/30/hotmart-20260930-006.html,desenho-manga-conteudo/go/2026/09/30/hotmart-20260930-006.html,https://go.hotmart.com/P106144209X,"https://res.cloudinary.com/xrakiohl/image/upload/c_pad,w_1000,h_1500,b_auto,q_auto:eco/v1783142581/pinterest/hotmart-manga/24-9a7c7606fe60.jpg"
hotmart|2026-09-30|007,hotmart,2026-09-30,https://luscaarmstrong1.github.io/conteudo-afiliados-pages/desenho-manga-conteudo/go/2026/09/30/hotmart-20260930-007.html,desenho-manga-conteudo/posts/2026/09/30/hotmart-20260930-007.html,desenho-manga-conteudo/go/2026/09/30/hotmart-20260930-007.html,https://go.hotmart.com/J106144309C,"https://res.cloudinary.com/xrakiohl/image/upload/c_pad,w_1000,h_1500,b_auto,q_auto:eco/v1783143432/pinterest/hotmart-manga/PhotoGrid_Plus_1605879889388-e397e8982b01.jpg"
hotmart|2026-09-30|008,hotmart,2026-09-30,https://luscaarmstrong1.github.io/conteudo-afiliados-pages/desenho-manga-conteudo/go/2026/09/30/hotmart-20260930-008.html,desenho-manga-conteudo/posts/2026/09/30/hotmart-20260930-008.html,desenho-manga-conteudo/go/2026/09/30/hotmart-20260930-008.html,https://go.hotmart.com/P106144209X,"https://res.cloudinary.com/xrakiohl/image/upload/c_pad,w_1000,h_1500,b_auto,q_auto:eco/v1783142579/pinterest/hotmart-manga/23_39-93125869f343.jpg"
hotmart|2026-09-30|009,hotmart,2026-09-30,https://luscaarmstrong1.github.io/conteudo-afiliados-pages/desenho-manga-conteudo/go/2026/09/30/hotmart-20260930-009.html,desenho-manga-conteudo/posts/2026/09/30/hotmart-20260930-009.html,desenho-manga-conteudo/go/2026/09/30/hotmart-20260930-009.html,https://go.hotmart.com/J106144309C,"https://res.cloudinary.com/xrakiohl/image/upload/c_pad,w_1000,h_1500,b_auto,q_auto:eco/v1783143325/pinterest/hotmart-manga/mania-done-20190118170456_zyyqboud-373f8d84a7fb.jpg"
hotmart|2026-09-30|010,hotmart,2026-09-30,https://luscaarmstrong1.github.io/conteudo-afiliados-pages/desenho-manga-conteudo/go/2026/09/30/hotmart-20260930-010.html,desenho-manga-conteudo/posts/2026/09/30/hotmart-20260930-010.html,desenho-manga-conteudo/go/2026/09/30/hotmart-20260930-010.html,https://go.hotmart.com/P106144209X,"https://res.cloudinary.com/xrakiohl/image/upload/c_pad,w_1000,h_1500,b_auto,q_auto:eco/v1783142196/pinterest/hotmart-manga/024_03-8241e51360cb.jpg"
shopee|2026-10-01|001,shopee,2026-10-01,https://luscaarmstrong1.github.io/conteudo-afiliados-pages/achadinhos-conteudo/go/2026/10/01/shopee-20261001-001.html,achadinhos-conteudo/posts/2026/10/01/shopee-20261001-001.html,achadinhos-conteudo/go/2026/10/01/shopee-20261001-001.html,https://s.shopee.com.br/2LVgXo6396,"https://res.cloudinary.com/xrakiohl/image/upload/c_pad,w_1000,h_1500,b_auto,q_auto:eco/v1783143796/pinterest/shopee-achados/PhotoGrid_Site_1759538110280-8fd624040bcf.jpg"
shopee|2026-10-01|002,shopee,2026-10-01,https://luscaarmstrong1.github.io/conteudo-afiliados-pages/achadinhos-conteudo/go/2026/10/01/shopee-20261001-002.html,achadinhos-conteudo/posts/2026/10/01/shopee-20261001-002.html,achadinhos-conteudo/go/2026/10/01/shopee-20261001-002.html,https://s.shopee.com.br/2g8WwTCzGC,"https://res.cloudinary.com/xrakiohl/image/upload/c_pad,w_1000,h_1500,b_auto,q_auto:eco/v1783143829/pinterest/shopee-achados/PhotoGrid_Site_1759541146146-bfe6e227f2ae.jpg"
shopee|2026-10-01|003,shopee,2026-10-01,https://luscaarmstrong1.github.io/conteudo-afiliados-pages/achadinhos-conteudo/go/2026/10/01/shopee-20261001-003.html,achadinhos-conteudo/posts/2026/10/01/shopee-20261001-003.html,achadinhos-conteudo/go/2026/10/01/shopee-20261001-003.html,https://s.shopee.com.br/1qZPwzEfmR,"https://res.cloudinary.com/xrakiohl/image/upload/c_pad,w_1000,h_1500,b_auto,q_auto:eco/v1783143800/pinterest/shopee-achados/PhotoGrid_Site_1759538400615-eb134d59b8d9.jpg"
shopee|2026-10-01|004,shopee,2026-10-01,https://luscaarmstrong1.github.io/conteudo-afiliados-pages/achadinhos-conteudo/go/2026/10/01/shopee-20261001-004.html,achadinhos-conteudo/posts/2026/10/01/shopee-20261001-004.html,achadinhos-conteudo/go/2026/10/01/shopee-20261001-004.html,https://s.shopee.com.br/8fPk5c9B9u,"https://res.cloudinary.com/xrakiohl/image/upload/c_pad,w_1000,h_1500,b_auto,q_auto:eco/v1783143805/pinterest/shopee-achados/PhotoGrid_Site_1759538937118-f545d408dd0a.jpg"
shopee|2026-10-01|005,shopee,2026-10-01,https://luscaarmstrong1.github.io/conteudo-afiliados-pages/achadinhos-conteudo/go/2026/10/01/shopee-20261001-005.html,achadinhos-conteudo/posts/2026/10/01/shopee-20261001-005.html,achadinhos-conteudo/go/2026/10/01/shopee-20261001-005.html,https://s.shopee.com.br/AKXy4dm2je,"https://res.cloudinary.com/xrakiohl/image/upload/c_pad,w_1000,h_1500,b_auto,q_auto:eco/v1783143802/pinterest/shopee-achados/PhotoGrid_Site_1759538520533-f0b3bc3e9714.jpg"
shopee|2026-10-01|006,shopee,2026-10-01,https://luscaarmstrong1.github.io/conteudo-afiliados-pages/achadinhos-conteudo/go/2026/10/01/shopee-20261001-006.html,achadinhos-conteudo/posts/2026/10/01/shopee-20261001-006.html,achadinhos-conteudo/go/2026/10/01/shopee-20261001-006.html,https://s.shopee.com.br/2g8WweKVQn,"https://res.cloudinary.com/xrakiohl/image/upload/c_pad,w_1000,h_1500,b_auto,q_auto:eco/v1783143818/pinterest/shopee-achados/PhotoGrid_Site_1759540277742-5662569271c2.jpg"
shopee|2026-10-01|007,shopee,2026-10-01,https://luscaarmstrong1.github.io/conteudo-afiliados-pages/achadinhos-conteudo/go/2026/10/01/shopee-20261001-007.html,achadinhos-conteudo/posts/2026/10/01/shopee-20261001-007.html,achadinhos-conteudo/go/2026/10/01/shopee-20261001-007.html,https://s.shopee.com.br/2qRx90SQ9w,"https://res.cloudinary.com/xrakiohl/image/upload/c_pad,w_1000,h_1500,b_auto,q_auto:eco/v1783143812/pinterest/shopee-achados/PhotoGrid_Site_1759539568780-8f6fd1b8be4d.jpg"
shopee|2026-10-01|008,shopee,2026-10-01,https://luscaarmstrong1.github.io/conteudo-afiliados-pages/achadinhos-conteudo/go/2026/10/01/shopee-20261001-008.html,achadinhos-conteudo/posts/2026/10/01/shopee-20261001-008.html,achadinhos-conteudo/go/2026/10/01/shopee-20261001-008.html,https://s.shopee.com.br/6L1pJTMkFQ,"https://res.cloudinary.com/xrakiohl/image/upload/c_pad,w_1000,h_1500,b_auto,q_auto:eco/v1783143826/pinterest/shopee-achados/PhotoGrid_Site_1759540967737-1697a285b46d.jpg"
shopee|2026-10-01|009,shopee,2026-10-01,https://luscaarmstrong1.github.io/conteudo-afiliados-pages/achadinhos-conteudo/go/2026/10/01/shopee-20261001-009.html,achadinhos-conteudo/posts/2026/10/01/shopee-20261001-009.html,achadinhos-conteudo/go/2026/10/01/shopee-20261001-009.html,https://s.shopee.com.br/70HW6k6HDh,"https://res.cloudinary.com/xrakiohl/image/upload/c_pad,w_1000,h_1500,b_auto,q_auto:eco/v1783143825/pinterest/shopee-achados/PhotoGrid_Site_1759540842777-70d1c9e7e5fc.jpg"
shopee|2026-10-01|010,shopee,2026-10-01,https://luscaarmstrong1.github.io/conteudo-afiliados-pages/achadinhos-conteudo/go/2026/10/01/shopee-20261001-010.html,achadinhos-conteudo/posts/2026/10/01/shopee-20261001-010.html,achadinhos-conteudo/go/2026/10/01/shopee-20261001-010.html,https://s.shopee.com.br/8ATTUua9EQ,"https://res.cloudinary.com/xrakiohl/image/upload/c_pad,w_1000,h_1500,b_auto,q_auto:eco/v1783143815/pinterest/shopee-achados/PhotoGrid_Site_1759539911536-9846f0cfb254.jpg"
hotmart|2026-10-01|001,hotmart,2026-10-01,https://luscaarmstrong1.github.io/conteudo-afiliados-pages/desenho-manga-conteudo/go/2026/10/01/hotmart-20261001-001.html,desenho-manga-conteudo/posts/2026/10/01/hotmart-20261001-001.html,desenho-manga-conteudo/go/2026/10/01/hotmart-20261001-001.html,https://go.hotmart.com/P106144209X,"https://res.cloudinary.com/xrakiohl/image/upload/c_pad,w_1000,h_1500,b_auto,q_auto:eco/v1783143369/pinterest/hotmart-manga/PhotoGrid_1549458946618%7E01-40bb8bf3e866.jpg"
hotmart|2026-10-01|002,hotmart,2026-10-01,https://luscaarmstrong1.github.io/conteudo-afiliados-pages/desenho-manga-conteudo/go/2026/10/01/hotmart-20261001-002.html,desenho-manga-conteudo/posts/2026/10/01/hotmart-20261001-002.html,desenho-manga-conteudo/go/2026/10/01/hotmart-20261001-002.html,https://go.hotmart.com/J106144309C,"https://res.cloudinary.com/xrakiohl/image/upload/c_pad,w_1000,h_1500,b_auto,q_auto:eco/v1783143523/pinterest/hotmart-manga/the-beauty-of-kokou-no-hito-v0-l1sa7tsjzrjf1-139cb993f29a.jpg"
hotmart|2026-10-01|003,hotmart,2026-10-01,https://luscaarmstrong1.github.io/conteudo-afiliados-pages/desenho-manga-conteudo/go/2026/10/01/hotmart-20261001-003.html,desenho-manga-conteudo/posts/2026/10/01/hotmart-20261001-003.html,desenho-manga-conteudo/go/2026/10/01/hotmart-20261001-003.html,https://go.hotmart.com/P106144209X,"https://res.cloudinary.com/xrakiohl/image/upload/c_pad,w_1000,h_1500,b_auto,q_auto:eco/v1783143476/pinterest/hotmart-manga/PhotoGrid_Site_1759098380152-98f001bad968.jpg"
hotmart|2026-10-01|004,hotmart,2026-10-01,https://luscaarmstrong1.github.io/conteudo-afiliados-pages/desenho-manga-conteudo/go/2026/10/01/hotmart-20261001-004.html,desenho-manga-conteudo/posts/2026/10/01/hotmart-20261001-004.html,desenho-manga-conteudo/go/2026/10/01/hotmart-20261001-004.html,https://go.hotmart.com/J106144309C,"https://res.cloudinary.com/xrakiohl/image/upload/c_pad,w_1000,h_1500,b_auto,q_auto:eco/v1783143378/pinterest/hotmart-manga/PhotoGrid_1553534819027%7E01-01d02f37c4c6.jpg"
hotmart|2026-10-01|005,hotmart,2026-10-01,https://luscaarmstrong1.github.io/conteudo-afiliados-pages/desenho-manga-conteudo/go/2026/10/01/hotmart-20261001-005.html,desenho-manga-conteudo/posts/2026/10/01/hotmart-20261001-005.html,desenho-manga-conteudo/go/2026/10/01/hotmart-20261001-005.html,https://go.hotmart.com/P106144209X,"https://res.cloudinary.com/xrakiohl/image/upload/c_pad,w_1000,h_1500,b_auto,q_auto:eco/v1783143286/pinterest/hotmart-manga/image013-075f1dd7e927.jpg"
hotmart|2026-10-01|006,hotmart,2026-10-01,https://luscaarmstrong1.github.io/conteudo-afiliados-pages/desenho-manga-conteudo/go/2026/10/01/hotmart-20261001-006.html,desenho-manga-conteudo/posts/2026/10/01/hotmart-20261001-006.html,desenho-manga-conteudo/go/2026/10/01/hotmart-20261001-006.html,https://go.hotmart.com/J106144309C,"https://res.cloudinary.com/xrakiohl/image/upload/c_pad,w_1000,h_1500,b_auto,q_auto:eco/v1783143280/pinterest/hotmart-manga/Ichi_%284%29-d9b6686e9922.png"
hotmart|2026-10-01|007,hotmart,2026-10-01,https://luscaarmstrong1.github.io/conteudo-afiliados-pages/desenho-manga-conteudo/go/2026/10/01/hotmart-20261001-007.html,desenho-manga-conteudo/posts/2026/10/01/hotmart-20261001-007.html,desenho-manga-conteudo/go/2026/10/01/hotmart-20261001-007.html,https://go.hotmart.com/P106144209X,"https://res.cloudinary.com/xrakiohl/image/upload/c_pad,w_1000,h_1500,b_auto,q_auto:eco/v1783143503/pinterest/hotmart-manga/Screenshot_20180607-175036%7E01-6e64af9ba753.png"
hotmart|2026-10-01|008,hotmart,2026-10-01,https://luscaarmstrong1.github.io/conteudo-afiliados-pages/desenho-manga-conteudo/go/2026/10/01/hotmart-20261001-008.html,desenho-manga-conteudo/posts/2026/10/01/hotmart-20261001-008.html,desenho-manga-conteudo/go/2026/10/01/hotmart-20261001-008.html,https://go.hotmart.com/J106144309C,"https://res.cloudinary.com/xrakiohl/image/upload/c_pad,w_1000,h_1500,b_auto,q_auto:eco/v1783143460/pinterest/hotmart-manga/PhotoGrid_Site_1631467358977_compress3-3b0d67b6f74d.jpg"
hotmart|2026-10-01|009,hotmart,2026-10-01,https://luscaarmstrong1.github.io/conteudo-afiliados-pages/desenho-manga-conteudo/go/2026/10/01/hotmart-20261001-009.html,desenho-manga-conteudo/posts/2026/10/01/hotmart-20261001-009.html,desenho-manga-conteudo/go/2026/10/01/hotmart-20261001-009.html,https://go.hotmart.com/P106144209X,"https://res.cloudinary.com/xrakiohl/image/upload/c_pad,w_1000,h_1500,b_auto,q_auto:eco/v1783143367/pinterest/hotmart-manga/PhotoGrid_1549265746458%7E01-6efc9bdfbbc4.jpg"
hotmart|2026-10-01|010,hotmart,2026-10-01,https://luscaarmstrong1.github.io/conteudo-afiliados-pages/desenho-manga-conteudo/go/2026/10/01/hotmart-20261001-010.html,desenho-manga-conteudo/posts/2026/10/01/hotmart-20261001-010.html,desenho-manga-conteudo/go/2026/10/01/hotmart-20261001-010.html,https://go.hotmart.com/J106144309C,"https://res.cloudinary.com/xrakiohl/image/upload/c_pad,w_1000,h_1500,b_auto,q_auto:eco/v1783143279/pinterest/hotmart-manga/Ibuki%2001_192-193-26c6e1987006.jpg"
